Timestamp,User Count,Type,Name,Requests/s,Failures/s,50%,66%,75%,80%,90%,95%,98%,99%,99.9%,99.99%,100%,Total Request Count,Total Failure Count,Total Median Response Time,Total Average Response Time,Total Min Response Time,Total Max Response Time,Total Average Content Size
1763663288,0,,Aggregated,0.000000,0.000000,N/A,N/A,N/A,N/A,N/A,N/A,N/A,N/A,N/A,N/A,N/A,0,0,0,0.0,0,0,0
1763663289,10,,Aggregated,0.000000,0.000000,N/A,N/A,N/A,N/A,N/A,N/A,N/A,N/A,N/A,N/A,N/A,0,0,0,0.0,0,0,0
1763663290,10,,Aggregated,0.000000,0.000000,N/A,N/A,N/A,N/A,N/A,N/A,N/A,N/A,N/A,N/A,N/A,0,0,0,0.0,0,0,0
1763663291,10,,Aggregated,0.000000,0.000000,N/A,N/A,N/A,N/A,N/A,N/A,N/A,N/A,N/A,N/A,N/A,0,0,0,0.0,0,0,0
1763663293,10,,Aggregated,0.000000,0.000000,N/A,N/A,N/A,N/A,N/A,N/A,N/A,N/A,N/A,N/A,N/A,0,0,0,0.0,0,0,0
1763663294,10,,Aggregated,0.000000,0.000000,N/A,N/A,N/A,N/A,N/A,N/A,N/A,N/A,N/A,N/A,N/A,0,0,0,0.0,0,0,0
1763663295,10,,Aggregated,0.000000,0.000000,N/A,N/A,N/A,N/A,N/A,N/A,N/A,N/A,N/A,N/A,N/A,0,0,0,0.0,0,0,0
1763663297,10,,Aggregated,0.000000,0.000000,N/A,N/A,N/A,N/A,N/A,N/A,N/A,N/A,N/A,N/A,N/A,0,0,0,0.0,0,0,0
1763663298,10,,Aggregated,0.000000,0.000000,N/A,N/A,N/A,N/A,N/A,N/A,N/A,N/A,N/A,N/A,N/A,0,0,0,0.0,0,0,0
1763663300,10,,Aggregated,0.000000,0.000000,N/A,N/A,N/A,N/A,N/A,N/A,N/A,N/A,N/A,N/A,N/A,0,0,0,0.0,0,0,0
1763663303,10,,Aggregated,0.000000,0.000000,N/A,N/A,N/A,N/A,N/A,N/A,N/A,N/A,N/A,N/A,N/A,0,0,0,0.0,0,0,0
1763663304,10,,Aggregated,0.000000,0.000000,N/A,N/A,N/A,N/A,N/A,N/A,N/A,N/A,N/A,N/A,N/A,0,0,0,0.0,0,0,0
1763663305,10,,Aggregated,0.000000,0.000000,N/A,N/A,N/A,N/A,N/A,N/A,N/A,N/A,N/A,N/A,N/A,0,0,0,0.0,0,0,0
1763663306,10,,Aggregated,0.000000,0.000000,N/A,N/A,N/A,N/A,N/A,N/A,N/A,N/A,N/A,N/A,N/A,0,0,0,0.0,0,0,0
1763663307,10,,Aggregated,0.000000,0.000000,N/A,N/A,N/A,N/A,N/A,N/A,N/A,N/A,N/A,N/A,N/A,0,0,0,0.0,0,0,0
1763663309,10,,Aggregated,0.000000,0.000000,N/A,N/A,N/A,N/A,N/A,N/A,N/A,N/A,N/A,N/A,N/A,0,0,0,0.0,0,0,0
1763663310,10,,Aggregated,0.000000,0.000000,N/A,N/A,N/A,N/A,N/A,N/A,N/A,N/A,N/A,N/A,N/A,0,0,0,0.0,0,0,0
1763663312,10,,Aggregated,0.000000,0.000000,N/A,N/A,N/A,N/A,N/A,N/A,N/A,N/A,N/A,N/A,N/A,0,0,0,0.0,0,0,0
1763663314,10,,Aggregated,0.000000,0.000000,N/A,N/A,N/A,N/A,N/A,N/A,N/A,N/A,N/A,N/A,N/A,0,0,0,0.0,0,0,0
1763663315,10,,Aggregated,0.000000,0.000000,N/A,N/A,N/A,N/A,N/A,N/A,N/A,N/A,N/A,N/A,N/A,0,0,0,0.0,0,0,0
1763663316,10,,Aggregated,0.000000,0.000000,N/A,N/A,N/A,N/A,N/A,N/A,N/A,N/A,N/A,N/A,N/A,0,0,0,0.0,0,0,0
1763663317,10,,Aggregated,0.000000,0.000000,N/A,N/A,N/A,N/A,N/A,N/A,N/A,N/A,N/A,N/A,N/A,0,0,0,0.0,0,0,0
1763663319,10,,Aggregated,0.000000,0.000000,N/A,N/A,N/A,N/A,N/A,N/A,N/A,N/A,N/A,N/A,N/A,0,0,0,0.0,0,0,0
1763663320,10,,Aggregated,0.000000,0.000000,N/A,N/A,N/A,N/A,N/A,N/A,N/A,N/A,N/A,N/A,N/A,0,0,0,0.0,0,0,0
1763663321,10,,Aggregated,0.000000,0.000000,N/A,N/A,N/A,N/A,N/A,N/A,N/A,N/A,N/A,N/A,N/A,0,0,0,0.0,0,0,0
1763663322,10,,Aggregated,0.000000,0.000000,N/A,N/A,N/A,N/A,N/A,N/A,N/A,N/A,N/A,N/A,N/A,0,0,0,0.0,0,0,0
1763663324,10,,Aggregated,0.000000,0.000000,N/A,N/A,N/A,N/A,N/A,N/A,N/A,N/A,N/A,N/A,N/A,0,0,0,0.0,0,0,0
1763663326,10,,Aggregated,0.000000,0.000000,N/A,N/A,N/A,N/A,N/A,N/A,N/A,N/A,N/A,N/A,N/A,0,0,0,0.0,0,0,0
1763663328,10,,Aggregated,0.000000,0.000000,N/A,N/A,N/A,N/A,N/A,N/A,N/A,N/A,N/A,N/A,N/A,0,0,0,0.0,0,0,0
1763663329,10,,Aggregated,0.000000,0.000000,N/A,N/A,N/A,N/A,N/A,N/A,N/A,N/A,N/A,N/A,N/A,0,0,0,0.0,0,0,0
1763663332,10,,Aggregated,0.000000,0.000000,N/A,N/A,N/A,N/A,N/A,N/A,N/A,N/A,N/A,N/A,N/A,0,0,0,0.0,0,0,0
1763663334,10,,Aggregated,0.000000,0.000000,N/A,N/A,N/A,N/A,N/A,N/A,N/A,N/A,N/A,N/A,N/A,0,0,0,0.0,0,0,0
1763663341,10,,Aggregated,0.000000,0.000000,N/A,N/A,N/A,N/A,N/A,N/A,N/A,N/A,N/A,N/A,N/A,0,0,0,0.0,0,0,0
1763663362,10,,Aggregated,0.000000,0.000000,N/A,N/A,N/A,N/A,N/A,N/A,N/A,N/A,N/A,N/A,N/A,0,0,0,0.0,0,0,0
1763663363,10,,Aggregated,0.000000,0.000000,N/A,N/A,N/A,N/A,N/A,N/A,N/A,N/A,N/A,N/A,N/A,0,0,0,0.0,0,0,0
1763663364,10,,Aggregated,0.000000,0.000000,N/A,N/A,N/A,N/A,N/A,N/A,N/A,N/A,N/A,N/A,N/A,0,0,0,0.0,0,0,0
1763663366,10,,Aggregated,0.000000,0.000000,N/A,N/A,N/A,N/A,N/A,N/A,N/A,N/A,N/A,N/A,N/A,0,0,0,0.0,0,0,0
1763663372,10,,Aggregated,0.000000,0.000000,N/A,N/A,N/A,N/A,N/A,N/A,N/A,N/A,N/A,N/A,N/A,0,0,0,0.0,0,0,0
1763663373,10,,Aggregated,0.000000,0.000000,N/A,N/A,N/A,N/A,N/A,N/A,N/A,N/A,N/A,N/A,N/A,0,0,0,0.0,0,0,0
1763663375,10,,Aggregated,0.000000,0.000000,N/A,N/A,N/A,N/A,N/A,N/A,N/A,N/A,N/A,N/A,N/A,0,0,0,0.0,0,0,0
1763663376,10,,Aggregated,0.000000,0.000000,N/A,N/A,N/A,N/A,N/A,N/A,N/A,N/A,N/A,N/A,N/A,0,0,0,0.0,0,0,0
1763663378,10,,Aggregated,0.000000,0.000000,N/A,N/A,N/A,N/A,N/A,N/A,N/A,N/A,N/A,N/A,N/A,0,0,0,0.0,0,0,0
1763663381,10,,Aggregated,0.000000,0.000000,N/A,N/A,N/A,N/A,N/A,N/A,N/A,N/A,N/A,N/A,N/A,0,0,0,0.0,0,0,0
1763663384,10,,Aggregated,0.000000,0.000000,N/A,N/A,N/A,N/A,N/A,N/A,N/A,N/A,N/A,N/A,N/A,0,0,0,0.0,0,0,0
1763663385,10,,Aggregated,0.000000,0.000000,N/A,N/A,N/A,N/A,N/A,N/A,N/A,N/A,N/A,N/A,N/A,0,0,0,0.0,0,0,0
1763663386,10,,Aggregated,0.000000,0.000000,N/A,N/A,N/A,N/A,N/A,N/A,N/A,N/A,N/A,N/A,N/A,0,0,0,0.0,0,0,0
1763663387,10,,Aggregated,0.000000,0.000000,N/A,N/A,N/A,N/A,N/A,N/A,N/A,N/A,N/A,N/A,N/A,0,0,0,0.0,0,0,0
1763663388,10,,Aggregated,0.000000,0.000000,N/A,N/A,N/A,N/A,N/A,N/A,N/A,N/A,N/A,N/A,N/A,0,0,0,0.0,0,0,0
1763663389,10,,Aggregated,0.000000,0.000000,N/A,N/A,N/A,N/A,N/A,N/A,N/A,N/A,N/A,N/A,N/A,0,0,0,0.0,0,0,0
1763663390,10,,Aggregated,0.000000,0.000000,N/A,N/A,N/A,N/A,N/A,N/A,N/A,N/A,N/A,N/A,N/A,0,0,0,0.0,0,0,0
1763663391,10,,Aggregated,0.000000,0.000000,N/A,N/A,N/A,N/A,N/A,N/A,N/A,N/A,N/A,N/A,N/A,0,0,0,0.0,0,0,0
1763663392,10,,Aggregated,0.000000,0.000000,N/A,N/A,N/A,N/A,N/A,N/A,N/A,N/A,N/A,N/A,N/A,0,0,0,0.0,0,0,0
1763663393,10,,Aggregated,0.000000,0.000000,N/A,N/A,N/A,N/A,N/A,N/A,N/A,N/A,N/A,N/A,N/A,0,0,0,0.0,0,0,0
1763663394,10,,Aggregated,0.000000,0.000000,N/A,N/A,N/A,N/A,N/A,N/A,N/A,N/A,N/A,N/A,N/A,0,0,0,0.0,0,0,0
1763663395,10,,Aggregated,0.000000,0.000000,N/A,N/A,N/A,N/A,N/A,N/A,N/A,N/A,N/A,N/A,N/A,0,0,0,0.0,0,0,0
1763663396,10,,Aggregated,0.000000,0.000000,N/A,N/A,N/A,N/A,N/A,N/A,N/A,N/A,N/A,N/A,N/A,0,0,0,0.0,0,0,0
1763663397,10,,Aggregated,0.000000,0.000000,N/A,N/A,N/A,N/A,N/A,N/A,N/A,N/A,N/A,N/A,N/A,0,0,0,0.0,0,0,0
1763663398,10,,Aggregated,0.000000,0.000000,N/A,N/A,N/A,N/A,N/A,N/A,N/A,N/A,N/A,N/A,N/A,0,0,0,0.0,0,0,0
1763663399,10,,Aggregated,0.000000,0.000000,N/A,N/A,N/A,N/A,N/A,N/A,N/A,N/A,N/A,N/A,N/A,0,0,0,0.0,0,0,0
1763663400,10,,Aggregated,0.000000,0.000000,N/A,N/A,N/A,N/A,N/A,N/A,N/A,N/A,N/A,N/A,N/A,0,0,0,0.0,0,0,0
1763663401,10,,Aggregated,0.000000,0.000000,110,110,110,110,110,110,110,110,110,110,110,2,2,8.365999994566664,61.27054999524262,8.365999994566664,114.17509999591857,57.0
1763663402,10,,Aggregated,0.000000,0.000000,12,18,26,26,29,110,110,110,110,110,110,12,12,11,22.814799997528706,7.9449999902863055,114.17509999591857,57.0
1763663403,10,,Aggregated,0.000000,0.000000,11,18,19,26,29,110,110,110,110,110,110,14,14,11,20.834521427916894,7.9449999902863055,114.17509999591857,57.0
1763663404,10,,Aggregated,0.000000,0.000000,11,18,19,26,29,110,110,110,110,110,110,14,14,11,20.834521427916894,7.9449999902863055,114.17509999591857,57.0
1763663405,10,,Aggregated,0.000000,0.000000,11,18,19,26,29,110,110,110,110,110,110,14,14,11,20.834521427916894,7.9449999902863055,114.17509999591857,57.0
1763663406,10,,Aggregated,0.000000,0.000000,11,18,19,26,29,110,110,110,110,110,110,14,14,11,20.834521427916894,7.9449999902863055,114.17509999591857,57.0
1763663407,10,,Aggregated,0.000000,0.000000,11,18,19,26,29,110,110,110,110,110,110,14,14,11,20.834521427916894,7.9449999902863055,114.17509999591857,57.0
1763663408,10,,Aggregated,0.000000,0.000000,11,18,19,26,29,110,110,110,110,110,110,14,14,11,20.834521427916894,7.9449999902863055,114.17509999591857,57.0
1763663409,10,,Aggregated,0.000000,0.000000,11,18,19,26,29,110,110,110,110,110,110,14,14,11,20.834521427916894,7.9449999902863055,114.17509999591857,57.0
1763663410,10,,Aggregated,0.000000,0.000000,11,18,19,26,29,110,110,110,110,110,110,14,14,11,20.834521427916894,7.9449999902863055,114.17509999591857,57.0
1763663411,10,,Aggregated,0.000000,0.000000,11,18,19,26,29,110,110,110,110,110,110,14,14,11,20.834521427916894,7.9449999902863055,114.17509999591857,57.0
1763663412,10,,Aggregated,0.000000,0.000000,11,18,19,26,29,110,110,110,110,110,110,14,14,11,20.834521427916894,7.9449999902863055,114.17509999591857,57.0
1763663413,10,,Aggregated,1.400000,1.400000,10,11,18,19,29,110,110,110,110,110,110,18,14,9,17.695322223719106,5.2254000038374215,114.17509999591857,57.0
1763663414,10,,Aggregated,1.400000,1.400000,10,11,18,19,29,110,110,110,110,110,110,18,14,9,17.695322223719106,5.2254000038374215,114.17509999591857,57.0
1763663415,10,,Aggregated,1.400000,1.400000,10,11,18,19,29,110,110,110,110,110,110,18,14,9,17.695322223719106,5.2254000038374215,114.17509999591857,57.0
1763663416,10,,Aggregated,1.400000,1.400000,10,11,18,19,29,110,110,110,110,110,110,18,14,9,17.695322223719106,5.2254000038374215,114.17509999591857,57.0
1763663417,10,,Aggregated,1.400000,1.400000,10,11,18,19,29,110,110,110,110,110,110,18,14,9,17.695322223719106,5.2254000038374215,114.17509999591857,57.0
1763663418,10,,Aggregated,1.400000,1.400000,10,11,18,19,29,110,110,110,110,110,110,18,14,9,17.695322223719106,5.2254000038374215,114.17509999591857,57.0
1763663419,10,,Aggregated,1.400000,1.400000,10,11,18,19,29,110,110,110,110,110,110,18,14,9,17.695322223719106,5.2254000038374215,114.17509999591857,57.0
1763663420,10,,Aggregated,1.400000,1.400000,10,11,18,19,29,110,110,110,110,110,110,18,14,9,17.695322223719106,5.2254000038374215,114.17509999591857,57.0
1763663421,10,,Aggregated,1.400000,1.400000,10,11,18,19,29,110,110,110,110,110,110,18,14,9,17.695322223719106,5.2254000038374215,114.17509999591857,57.0
1763663422,10,,Aggregated,1.400000,1.400000,10,11,18,19,29,110,110,110,110,110,110,18,14,9,17.695322223719106,5.2254000038374215,114.17509999591857,57.0
1763663423,10,,Aggregated,0.400000,0.000000,9,11,18,19,29,110,110,110,110,110,110,20,14,9,16.726320001180284,5.2254000038374215,114.17509999591857,57.0
1763663425,10,,Aggregated,0.400000,0.000000,9,11,18,19,29,110,110,110,110,110,110,20,14,9,16.726320001180284,5.2254000038374215,114.17509999591857,57.0
1763663426,10,,Aggregated,0.400000,0.000000,9,11,18,19,29,110,110,110,110,110,110,20,14,9,16.726320001180284,5.2254000038374215,114.17509999591857,57.0
1763663427,10,,Aggregated,0.400000,0.000000,9,11,18,19,29,110,110,110,110,110,110,20,14,9,16.726320001180284,5.2254000038374215,114.17509999591857,57.0
1763663428,10,,Aggregated,0.400000,0.000000,9,11,18,19,29,110,110,110,110,110,110,20,14,9,16.726320001180284,5.2254000038374215,114.17509999591857,57.0
1763663429,10,,Aggregated,0.400000,0.000000,9,11,18,19,29,110,110,110,110,110,110,20,14,9,16.726320001180284,5.2254000038374215,114.17509999591857,57.0
1763663430,10,,Aggregated,0.400000,0.000000,9,11,18,19,29,110,110,110,110,110,110,20,14,9,16.726320001180284,5.2254000038374215,114.17509999591857,57.0
1763663431,10,,Aggregated,0.400000,0.000000,9,11,18,19,29,110,110,110,110,110,110,20,14,9,16.726320001180284,5.2254000038374215,114.17509999591857,57.0
1763663432,10,,Aggregated,0.400000,0.000000,9,11,18,19,29,110,110,110,110,110,110,20,14,9,16.726320001180284,5.2254000038374215,114.17509999591857,57.0
1763663433,10,,Aggregated,0.400000,0.000000,9,11,18,19,29,110,110,110,110,110,110,20,14,9,16.726320001180284,5.2254000038374215,114.17509999591857,57.0
1763663434,10,,Aggregated,0.400000,0.000000,9,11,18,19,29,110,110,110,110,110,110,20,14,9,16.726320001180284,5.2254000038374215,114.17509999591857,57.0
1763663435,10,,Aggregated,0.400000,0.000000,9,11,18,19,29,110,110,110,110,110,110,20,14,9,16.726320001180284,5.2254000038374215,114.17509999591857,57.0
1763663436,10,,Aggregated,0.400000,0.000000,9,11,18,19,29,110,110,110,110,110,110,20,14,9,16.726320001180284,5.2254000038374215,114.17509999591857,57.0
1763663437,10,,Aggregated,0.400000,0.000000,9,11,18,19,29,110,110,110,110,110,110,20,14,9,16.726320001180284,5.2254000038374215,114.17509999591857,57.0
1763663438,10,,Aggregated,0.400000,0.000000,9,11,18,19,29,110,110,110,110,110,110,20,14,9,16.726320001180284,5.2254000038374215,114.17509999591857,57.0
1763663439,10,,Aggregated,0.400000,0.000000,9,11,18,19,29,110,110,110,110,110,110,20,14,9,16.726320001180284,5.2254000038374215,114.17509999591857,57.0
1763663440,10,,Aggregated,0.400000,0.000000,9,11,18,19,29,110,110,110,110,110,110,20,14,9,16.726320001180284,5.2254000038374215,114.17509999591857,57.0
1763663441,10,,Aggregated,0.400000,0.000000,9,11,18,19,29,110,110,110,110,110,110,20,14,9,16.726320001180284,5.2254000038374215,114.17509999591857,57.0
1763663442,10,,Aggregated,0.400000,0.000000,9,11,18,19,29,110,110,110,110,110,110,20,14,9,16.726320001180284,5.2254000038374215,114.17509999591857,57.0
1763663443,10,,Aggregated,0.400000,0.000000,9,11,18,19,29,110,110,110,110,110,110,20,14,9,16.726320001180284,5.2254000038374215,114.17509999591857,57.0
1763663444,10,,Aggregated,0.400000,0.000000,9,11,18,19,29,110,110,110,110,110,110,20,14,9,16.726320001180284,5.2254000038374215,114.17509999591857,57.0
1763663445,10,,Aggregated,0.000000,0.000000,9,11,12,18,26,29,110,110,110,110,110,22,16,9,16.044372728422537,5.2254000038374215,114.17509999591857,56.54545454545455
1763663446,10,,Aggregated,0.000000,0.000000,9,11,12,18,26,29,110,110,110,110,110,22,16,9,16.044372728422537,5.2254000038374215,114.17509999591857,56.54545454545455
1763663447,10,,Aggregated,0.000000,0.000000,9,10,11,12,26,29,110,110,110,110,110,26,20,9,14.988526923564049,5.2254000038374215,114.17509999591857,55.84615384615385
1763663448,10,,Aggregated,0.000000,0.000000,9,10,11,12,26,29,110,110,110,110,110,26,20,9,14.988526923564049,5.2254000038374215,114.17509999591857,55.84615384615385
1763663449,10,,Aggregated,0.200000,0.200000,9,10,12,13,26,29,110,110,110,110,110,30,24,9,14.294346668369448,5.2254000038374215,114.17509999591857,55.333333333333336
1763663450,10,,Aggregated,0.400000,0.400000,9,10,11,12,19,29,110,110,110,110,110,34,28,9,13.517341177622953,5.2254000038374215,114.17509999591857,54.94117647058823
1763663451,10,,Aggregated,0.400000,0.400000,9,10,11,12,19,29,110,110,110,110,110,34,28,9,13.517341177622953,5.2254000038374215,114.17509999591857,54.94117647058823
1763663452,10,,Aggregated,0.400000,0.400000,9,10,11,12,19,29,110,110,110,110,110,34,28,9,13.517341177622953,5.2254000038374215,114.17509999591857,54.94117647058823
1763663453,10,,Aggregated,0.400000,0.400000,9,10,11,12,19,29,110,110,110,110,110,34,28,9,13.517341177622953,5.2254000038374215,114.17509999591857,54.94117647058823
1763663454,10,,Aggregated,0.400000,0.400000,9,10,11,12,19,29,110,110,110,110,110,34,28,9,13.517341177622953,5.2254000038374215,114.17509999591857,54.94117647058823
1763663455,10,,Aggregated,0.400000,0.400000,9,10,11,12,19,29,110,110,110,110,110,34,28,9,13.517341177622953,5.2254000038374215,114.17509999591857,54.94117647058823
1763663456,10,,Aggregated,1.400000,1.400000,9,10,12,12,19,29,110,110,110,110,110,36,30,9,13.56768055605547,5.2254000038374215,114.17509999591857,54.77777777777778
1763663457,10,,Aggregated,1.400000,1.400000,9,10,12,12,19,29,110,110,110,110,110,36,30,9,13.56768055605547,5.2254000038374215,114.17509999591857,54.77777777777778
1763663458,10,,Aggregated,1.400000,1.400000,10,11,12,12,19,29,110,110,110,110,110,38,32,9,13.452752632713926,5.2254000038374215,114.17509999591857,54.63157894736842
1763663459,10,,Aggregated,1.400000,1.400000,10,11,12,12,19,29,110,110,110,110,110,38,32,9,13.452752632713926,5.2254000038374215,114.17509999591857,54.63157894736842
1763663460,10,,Aggregated,1.400000,1.400000,10,11,12,12,19,29,110,110,110,110,110,38,32,9,13.452752632713926,5.2254000038374215,114.17509999591857,54.63157894736842
1763663461,10,,Aggregated,1.400000,1.400000,10,11,12,12,19,29,110,110,110,110,110,38,32,9,13.452752632713926,5.2254000038374215,114.17509999591857,54.63157894736842
1763663462,10,,Aggregated,1.400000,1.400000,10,11,12,12,19,29,110,110,110,110,110,38,32,9,13.452752632713926,5.2254000038374215,114.17509999591857,54.63157894736842
1763663463,10,,Aggregated,1.400000,1.400000,10,11,12,12,19,29,110,110,110,110,110,38,32,9,13.452752632713926,5.2254000038374215,114.17509999591857,54.63157894736842
1763663464,10,,Aggregated,1.400000,1.400000,10,11,12,12,19,29,110,110,110,110,110,38,32,9,13.452752632713926,5.2254000038374215,114.17509999591857,54.63157894736842
1763663465,10,,Aggregated,1.400000,1.400000,10,11,12,12,19,29,110,110,110,110,110,38,32,9,13.452752632713926,5.2254000038374215,114.17509999591857,54.63157894736842
1763663466,10,,Aggregated,1.400000,1.400000,10,11,12,12,19,29,110,110,110,110,110,38,32,9,13.452752632713926,5.2254000038374215,114.17509999591857,54.63157894736842
1763663467,10,,Aggregated,1.400000,1.400000,10,11,12,12,19,29,110,110,110,110,110,38,32,9,13.452752632713926,5.2254000038374215,114.17509999591857,54.63157894736842
1763663468,10,,Aggregated,1.400000,1.400000,10,11,12,12,19,29,110,110,110,110,110,38,32,9,13.452752632713926,5.2254000038374215,114.17509999591857,54.63157894736842
1763663469,10,,Aggregated,1.400000,1.400000,10,11,12,12,19,29,110,110,110,110,110,38,32,9,13.452752632713926,5.2254000038374215,114.17509999591857,54.63157894736842
1763663470,10,,Aggregated,1.400000,1.400000,10,11,12,12,19,29,110,110,110,110,110,38,32,9,13.452752632713926,5.2254000038374215,114.17509999591857,54.63157894736842
1763663471,10,,Aggregated,0.000000,0.000000,9,11,12,12,19,29,110,110,110,110,110,39,33,9,13.25507179642908,5.2254000038374215,114.17509999591857,54.64102564102564
1763663472,10,,Aggregated,0.000000,0.000000,9,11,12,12,19,29,110,110,110,110,110,40,34,9,13.157462501112605,5.2254000038374215,114.17509999591857,54.5
1763663473,10,,Aggregated,0.000000,0.000000,9,11,12,12,19,29,110,110,110,110,110,40,34,9,13.157462501112605,5.2254000038374215,114.17509999591857,54.5
1763663474,10,,Aggregated,0.000000,0.000000,9,11,12,12,19,29,110,110,110,110,110,40,34,9,13.157462501112605,5.2254000038374215,114.17509999591857,54.5
1763663475,10,,Aggregated,0.000000,0.000000,9,11,12,12,19,29,110,110,110,110,110,40,34,9,13.157462501112605,5.2254000038374215,114.17509999591857,54.5
1763663476,10,,Aggregated,0.000000,0.000000,9,11,12,12,19,29,110,110,110,110,110,40,34,9,13.157462501112605,5.2254000038374215,114.17509999591857,54.5
1763663477,10,,Aggregated,0.000000,0.000000,9,11,12,12,19,29,110,110,110,110,110,40,34,9,13.157462501112605,5.2254000038374215,114.17509999591857,54.5
1763663478,10,,Aggregated,0.000000,0.000000,9,11,12,12,19,29,110,110,110,110,110,40,34,9,13.157462501112605,5.2254000038374215,114.17509999591857,54.5
1763663479,10,,Aggregated,0.000000,0.000000,9,11,12,12,19,29,110,110,110,110,110,40,34,9,13.157462501112605,5.2254000038374215,114.17509999591857,54.5
1763663480,10,,Aggregated,0.000000,0.000000,9,11,12,12,19,29,110,110,110,110,110,40,34,9,13.157462501112605,5.2254000038374215,114.17509999591857,54.5
1763663481,10,,Aggregated,0.000000,0.000000,9,11,12,12,19,29,110,110,110,110,110,40,34,9,13.157462501112605,5.2254000038374215,114.17509999591857,54.5
1763663482,10,,Aggregated,0.000000,0.000000,9,11,12,12,19,29,110,110,110,110,110,40,34,9,13.157462501112605,5.2254000038374215,114.17509999591857,54.5
1763663483,10,,Aggregated,0.000000,0.000000,9,11,12,12,19,29,110,110,110,110,110,40,34,9,13.157462501112605,5.2254000038374215,114.17509999591857,54.5
1763663484,10,,Aggregated,0.000000,0.000000,9,11,12,12,19,29,110,110,110,110,110,40,34,9,13.157462501112605,5.2254000038374215,114.17509999591857,54.5
1763663485,10,,Aggregated,0.000000,0.000000,9,11,12,12,19,29,110,110,110,110,110,40,34,9,13.157462501112605,5.2254000038374215,114.17509999591857,54.5
1763663486,10,,Aggregated,0.000000,0.000000,9,11,12,12,19,29,110,110,110,110,110,40,34,9,13.157462501112605,5.2254000038374215,114.17509999591857,54.5
1763663487,10,,Aggregated,0.000000,0.000000,9,11,12,12,19,29,110,110,110,110,110,40,34,9,13.157462501112605,5.2254000038374215,114.17509999591857,54.5
1763663488,10,,Aggregated,0.000000,0.000000,9,10,11,12,18,26,110,110,110,110,110,42,36,9,12.95515714376788,5.2254000038374215,114.17509999591857,54.38095238095238
1763663489,10,,Aggregated,0.000000,0.000000,9,10,11,12,18,26,110,110,110,110,110,44,38,9,12.574868182789281,4.521399998338893,114.17509999591857,54.27272727272727
1763663490,10,,Aggregated,0.000000,0.000000,9,10,11,12,18,26,110,110,110,110,110,44,38,9,12.574868182789281,4.521399998338893,114.17509999591857,54.27272727272727
1763663491,10,,Aggregated,0.000000,0.000000,9,10,11,12,18,26,110,110,110,110,110,44,38,9,12.574868182789281,4.521399998338893,114.17509999591857,54.27272727272727
1763663492,10,,Aggregated,0.400000,0.400000,9,10,11,12,18,26,110,110,110,110,110,46,40,9,12.324019566775583,4.521399998338893,114.17509999591857,54.17391304347826
1763663493,10,,Aggregated,0.400000,0.400000,9,10,11,12,18,26,110,110,110,110,110,50,44,8,11.841506001655944,4.521399998338893,114.17509999591857,54.0
1763663494,10,,Aggregated,0.400000,0.400000,9,10,11,12,18,26,110,110,110,110,110,50,44,8,11.841506001655944,4.521399998338893,114.17509999591857,54.0
1763663495,10,,Aggregated,0.400000,0.400000,9,10,11,12,18,26,110,110,110,110,110,50,44,8,11.841506001655944,4.521399998338893,114.17509999591857,54.0
1763663496,10,,Aggregated,1.000000,1.000000,8,10,11,11,17,26,29,110,110,110,110,54,48,8,11.398111112174336,4.521399998338893,114.17509999591857,53.851851851851855
1763663497,10,,Aggregated,1.000000,1.000000,8,10,11,11,17,26,29,110,110,110,110,54,48,8,11.398111112174336,4.521399998338893,114.17509999591857,53.851851851851855
1763663498,10,,Aggregated,1.000000,1.000000,8,10,11,11,17,26,29,110,110,110,110,54,48,8,11.398111112174336,4.521399998338893,114.17509999591857,53.851851851851855
1763663499,10,,Aggregated,1.000000,1.000000,8,10,11,11,17,26,29,110,110,110,110,54,48,8,11.398111112174336,4.521399998338893,114.17509999591857,53.851851851851855
1763663500,10,,Aggregated,1.000000,1.000000,8,10,11,11,17,26,29,110,110,110,110,54,48,8,11.398111112174336,4.521399998338893,114.17509999591857,53.851851851851855
1763663501,10,,Aggregated,1.000000,1.000000,8,10,11,11,17,26,29,110,110,110,110,54,48,8,11.398111112174336,4.521399998338893,114.17509999591857,53.851851851851855
1763663502,10,,Aggregated,1.000000,1.000000,8,10,11,11,17,26,29,110,110,110,110,54,48,8,11.398111112174336,4.521399998338893,114.17509999591857,53.851851851851855
1763663503,10,,Aggregated,1.000000,1.000000,8,10,11,11,17,26,29,110,110,110,110,56,50,8,11.29200357276464,4.521399998338893,114.17509999591857,53.785714285714285
1763663504,10,,Aggregated,1.000000,1.000000,8,10,11,11,17,26,29,110,110,110,110,58,52,8,11.134186207621905,4.521399998338893,114.17509999591857,53.724137931034484
1763663506,10,,Aggregated,1.000000,1.000000,8,10,11,11,17,26,29,110,110,110,110,58,52,8,11.134186207621905,4.521399998338893,114.17509999591857,53.724137931034484
1763663507,10,,Aggregated,1.000000,1.000000,8,10,11,11,17,26,29,110,110,110,110,58,52,8,11.134186207621905,4.521399998338893,114.17509999591857,53.724137931034484
1763663508,10,,Aggregated,1.000000,1.000000,8,10,11,11,17,26,29,110,110,110,110,58,52,8,11.134186207621905,4.521399998338893,114.17509999591857,53.724137931034484
1763663509,10,,Aggregated,1.000000,1.000000,8,10,11,11,17,26,29,110,110,110,110,58,52,8,11.134186207621905,4.521399998338893,114.17509999591857,53.724137931034484
1763663510,10,,Aggregated,1.000000,1.000000,8,10,11,11,17,26,29,110,110,110,110,58,52,8,11.134186207621905,4.521399998338893,114.17509999591857,53.724137931034484
1763663511,10,,Aggregated,1.000000,1.000000,8,10,11,11,17,26,29,110,110,110,110,58,52,8,11.134186207621905,4.521399998338893,114.17509999591857,53.724137931034484
1763663512,10,,Aggregated,1.000000,1.000000,8,10,11,11,17,26,29,110,110,110,110,58,52,8,11.134186207621905,4.521399998338893,114.17509999591857,53.724137931034484
1763663513,10,,Aggregated,1.000000,1.000000,8,10,11,11,17,26,29,110,110,110,110,58,52,8,11.134186207621905,4.521399998338893,114.17509999591857,53.724137931034484
1763663514,10,,Aggregated,1.000000,1.000000,8,10,11,11,17,26,29,110,110,110,110,58,52,8,11.134186207621905,4.521399998338893,114.17509999591857,53.724137931034484
1763663515,10,,Aggregated,1.000000,1.000000,8,10,11,11,17,26,29,110,110,110,110,58,52,8,11.134186207621905,4.521399998338893,114.17509999591857,53.724137931034484
1763663516,10,,Aggregated,0.400000,0.400000,8,10,11,11,18,26,29,110,110,110,110,60,54,8,11.241995000455063,4.521399998338893,114.17509999591857,53.666666666666664
1763663517,10,,Aggregated,0.400000,0.400000,8,10,11,11,18,26,29,110,110,110,110,60,54,8,11.241995000455063,4.521399998338893,114.17509999591857,53.666666666666664
1763663518,10,,Aggregated,0.400000,0.400000,8,10,11,11,18,26,29,110,110,110,110,60,54,8,11.241995000455063,4.521399998338893,114.17509999591857,53.666666666666664
1763663519,10,,Aggregated,0.400000,0.400000,8,10,11,11,18,26,29,110,110,110,110,60,54,8,11.241995000455063,4.521399998338893,114.17509999591857,53.666666666666664
1763663520,10,,Aggregated,0.400000,0.400000,8,10,11,11,18,26,29,110,110,110,110,60,54,8,11.241995000455063,4.521399998338893,114.17509999591857,53.666666666666664
1763663521,10,,Aggregated,0.400000,0.400000,8,10,11,11,18,26,29,110,110,110,110,60,54,8,11.241995000455063,4.521399998338893,114.17509999591857,53.666666666666664
1763663522,10,,Aggregated,0.400000,0.400000,8,10,11,11,18,26,29,110,110,110,110,60,54,8,11.241995000455063,4.521399998338893,114.17509999591857,53.666666666666664
1763663523,10,,Aggregated,0.400000,0.400000,8,10,11,11,18,26,29,110,110,110,110,60,54,8,11.241995000455063,4.521399998338893,114.17509999591857,53.666666666666664
1763663524,10,,Aggregated,0.400000,0.400000,8,10,11,11,18,26,29,110,110,110,110,60,54,8,11.241995000455063,4.521399998338893,114.17509999591857,53.666666666666664
1763663525,10,,Aggregated,0.400000,0.400000,8,10,11,11,18,26,29,110,110,110,110,60,54,8,11.241995000455063,4.521399998338893,114.17509999591857,53.666666666666664
1763663526,10,,Aggregated,0.400000,0.400000,8,10,11,11,18,26,29,110,110,110,110,60,54,8,11.241995000455063,4.521399998338893,114.17509999591857,53.666666666666664
1763663527,10,,Aggregated,0.400000,0.400000,8,10,11,11,18,26,29,110,110,110,110,60,54,8,11.241995000455063,4.521399998338893,114.17509999591857,53.666666666666664
1763663528,10,,Aggregated,0.400000,0.400000,8,10,11,11,18,26,29,110,110,110,110,60,54,8,11.241995000455063,4.521399998338893,114.17509999591857,53.666666666666664
1763663529,10,,Aggregated,0.400000,0.400000,8,10,11,11,18,26,29,110,110,110,110,60,54,8,11.241995000455063,4.521399998338893,114.17509999591857,53.666666666666664
1763663530,10,,Aggregated,0.400000,0.400000,8,10,11,11,18,26,29,110,110,110,110,60,54,8,11.241995000455063,4.521399998338893,114.17509999591857,53.666666666666664
1763663531,10,,Aggregated,0.400000,0.400000,8,10,11,11,18,26,29,110,110,110,110,60,54,8,11.241995000455063,4.521399998338893,114.17509999591857,53.666666666666664
1763663532,10,,Aggregated,0.400000,0.400000,8,10,11,11,18,26,29,110,110,110,110,60,54,8,11.241995000455063,4.521399998338893,114.17509999591857,53.666666666666664
1763663533,10,,Aggregated,0.400000,0.400000,8,10,11,11,18,26,29,110,110,110,110,60,54,8,11.241995000455063,4.521399998338893,114.17509999591857,53.666666666666664
1763663534,10,,Aggregated,0.400000,0.400000,8,10,11,11,18,26,29,110,110,110,110,60,54,8,11.241995000455063,4.521399998338893,114.17509999591857,53.666666666666664
1763663535,10,,Aggregated,0.000000,0.000000,9,10,11,11,17,19,29,110,110,110,110,64,58,8,11.139932813421183,4.521399998338893,114.17509999591857,53.5625
1763663536,10,,Aggregated,0.000000,0.000000,9,10,11,11,17,19,29,110,110,110,110,64,58,8,11.139932813421183,4.521399998338893,114.17509999591857,53.5625
1763663537,10,,Aggregated,0.200000,0.200000,8,10,11,11,17,19,29,110,110,110,110,66,60,8,11.034266667786252,4.521399998338893,114.17509999591857,53.515151515151516
1763663538,10,,Aggregated,0.200000,0.200000,8,10,11,11,17,19,29,110,110,110,110,66,60,8,11.034266667786252,4.521399998338893,114.17509999591857,53.515151515151516
1763663539,10,,Aggregated,0.400000,0.400000,8,10,11,11,17,19,29,110,110,110,110,68,62,8,10.980663236456595,4.521399998338893,114.17509999591857,53.470588235294116
1763663540,10,,Aggregated,0.400000,0.400000,9,10,11,11,17,19,29,110,110,110,110,70,64,8,11.099664286926522,4.521399998338893,114.17509999591857,53.42857142857143
1763663541,10,,Aggregated,0.400000,0.400000,9,10,11,11,17,19,29,110,110,110,110,70,64,8,11.099664286926522,4.521399998338893,114.17509999591857,53.42857142857143
1763663542,10,,Aggregated,0.400000,0.400000,9,10,11,11,17,19,29,110,110,110,110,70,64,8,11.099664286926522,4.521399998338893,114.17509999591857,53.42857142857143
1763663543,10,,Aggregated,0.400000,0.400000,9,10,11,11,17,19,29,110,110,110,110,70,64,8,11.099664286926522,4.521399998338893,114.17509999591857,53.42857142857143
1763663544,10,,Aggregated,1.000000,1.000000,9,10,11,12,15,19,29,110,110,110,110,74,68,9,11.075404055363096,4.521399998338893,114.17509999591857,53.351351351351354
1763663545,10,,Aggregated,1.000000,1.000000,9,10,11,12,15,19,29,110,110,110,110,74,68,9,11.075404055363096,4.521399998338893,114.17509999591857,53.351351351351354
1763663546,10,,Aggregated,1.000000,1.000000,9,10,11,12,15,19,29,110,110,110,110,74,68,9,11.075404055363096,4.521399998338893,114.17509999591857,53.351351351351354
1763663547,10,,Aggregated,1.000000,1.000000,9,10,11,12,15,19,29,110,110,110,110,74,68,9,11.075404055363096,4.521399998338893,114.17509999591857,53.351351351351354
1763663548,10,,Aggregated,1.000000,1.000000,9,10,11,11,15,19,29,110,110,110,110,76,70,9,11.030167106869875,4.521399998338893,114.17509999591857,53.31578947368421
1763663549,10,,Aggregated,1.000000,1.000000,9,10,11,11,15,19,29,110,110,110,110,76,70,9,11.030167106869875,4.521399998338893,114.17509999591857,53.31578947368421
1763663550,10,,Aggregated,1.000000,1.000000,9,10,11,11,15,19,29,110,110,110,110,78,72,9,10.976808976220827,4.521399998338893,114.17509999591857,53.282051282051285
1763663551,10,,Aggregated,1.000000,1.000000,9,10,11,11,15,19,29,110,110,110,110,78,72,9,10.976808976220827,4.521399998338893,114.17509999591857,53.282051282051285
1763663552,10,,Aggregated,1.000000,1.000000,9,10,11,11,15,19,29,110,110,110,110,78,72,9,10.976808976220827,4.521399998338893,114.17509999591857,53.282051282051285
1763663553,10,,Aggregated,1.000000,1.000000,9,10,11,11,15,19,29,110,110,110,110,78,72,9,10.976808976220827,4.521399998338893,114.17509999591857,53.282051282051285
1763663554,10,,Aggregated,1.000000,1.000000,9,10,11,11,15,19,29,110,110,110,110,78,72,9,10.976808976220827,4.521399998338893,114.17509999591857,53.282051282051285
1763663555,10,,Aggregated,1.000000,1.000000,9,10,11,11,15,19,29,110,110,110,110,78,72,9,10.976808976220827,4.521399998338893,114.17509999591857,53.282051282051285
1763663556,10,,Aggregated,1.000000,1.000000,9,10,11,11,15,19,29,110,110,110,110,78,72,9,10.976808976220827,4.521399998338893,114.17509999591857,53.282051282051285
1763663557,10,,Aggregated,1.000000,1.000000,9,10,11,11,15,19,29,110,110,110,110,78,72,9,10.976808976220827,4.521399998338893,114.17509999591857,53.282051282051285
1763663558,10,,Aggregated,1.000000,1.000000,9,10,11,11,15,19,29,110,110,110,110,78,72,9,10.976808976220827,4.521399998338893,114.17509999591857,53.282051282051285
1763663559,10,,Aggregated,0.400000,0.400000,9,10,11,11,15,19,29,110,110,110,110,80,74,9,10.910223751852755,4.521399998338893,114.17509999591857,53.25
1763663560,10,,Aggregated,0.400000,0.400000,9,10,11,11,15,19,29,110,110,110,110,80,74,9,10.910223751852755,4.521399998338893,114.17509999591857,53.25
1763663561,10,,Aggregated,0.400000,0.400000,9,10,11,11,15,19,29,110,110,110,110,80,74,9,10.910223751852755,4.521399998338893,114.17509999591857,53.25
1763663562,10,,Aggregated,0.400000,0.400000,9,10,11,11,15,19,29,110,110,110,110,80,74,9,10.910223751852755,4.521399998338893,114.17509999591857,53.25
1763663563,10,,Aggregated,0.400000,0.400000,9,10,11,11,15,19,29,110,110,110,110,80,74,9,10.910223751852755,4.521399998338893,114.17509999591857,53.25
1763663564,10,,Aggregated,0.400000,0.400000,9,10,11,11,15,19,29,110,110,110,110,80,74,9,10.910223751852755,4.521399998338893,114.17509999591857,53.25
1763663565,10,,Aggregated,0.400000,0.400000,9,10,11,11,15,19,29,110,110,110,110,80,74,9,10.910223751852755,4.521399998338893,114.17509999591857,53.25
1763663566,10,,Aggregated,0.400000,0.400000,9,10,11,11,15,19,29,110,110,110,110,80,74,9,10.910223751852755,4.521399998338893,114.17509999591857,53.25
1763663567,10,,Aggregated,0.400000,0.400000,9,10,11,11,15,19,29,110,110,110,110,80,74,9,10.910223751852755,4.521399998338893,114.17509999591857,53.25
1763663568,10,,Aggregated,0.400000,0.400000,9,10,11,11,15,19,29,110,110,110,110,80,74,9,10.910223751852755,4.521399998338893,114.17509999591857,53.25
1763663569,10,,Aggregated,0.400000,0.400000,9,10,11,11,15,19,29,110,110,110,110,80,74,9,10.910223751852755,4.521399998338893,114.17509999591857,53.25
1763663570,10,,Aggregated,0.400000,0.400000,9,10,11,11,15,19,29,110,110,110,110,80,74,9,10.910223751852755,4.521399998338893,114.17509999591857,53.25
1763663571,10,,Aggregated,0.400000,0.400000,9,10,11,11,15,19,29,110,110,110,110,80,74,9,10.910223751852755,4.521399998338893,114.17509999591857,53.25
1763663572,10,,Aggregated,0.400000,0.400000,9,10,11,11,15,19,29,110,110,110,110,80,74,9,10.910223751852755,4.521399998338893,114.17509999591857,53.25
1763663573,10,,Aggregated,0.400000,0.400000,9,10,11,11,15,19,29,110,110,110,110,80,74,9,10.910223751852755,4.521399998338893,114.17509999591857,53.25
1763663574,10,,Aggregated,0.400000,0.400000,9,10,11,11,15,19,29,110,110,110,110,80,74,9,10.910223751852755,4.521399998338893,114.17509999591857,53.25
1763663575,10,,Aggregated,0.400000,0.400000,9,10,11,11,15,19,29,110,110,110,110,80,74,9,10.910223751852755,4.521399998338893,114.17509999591857,53.25
1763663576,10,,Aggregated,0.400000,0.400000,9,10,11,11,15,19,29,110,110,110,110,80,74,9,10.910223751852755,4.521399998338893,114.17509999591857,53.25
1763663577,10,,Aggregated,0.400000,0.400000,9,10,11,11,15,19,29,110,110,110,110,80,74,9,10.910223751852755,4.521399998338893,114.17509999591857,53.25
1763663578,10,,Aggregated,0.400000,0.400000,9,10,11,11,15,19,29,110,110,110,110,80,74,9,10.910223751852755,4.521399998338893,114.17509999591857,53.25
1763663579,10,,Aggregated,0.400000,0.400000,9,10,11,11,15,19,29,110,110,110,110,80,74,9,10.910223751852755,4.521399998338893,114.17509999591857,53.25
1763663580,10,,Aggregated,0.400000,0.400000,9,10,11,11,15,19,29,110,110,110,110,80,74,9,10.910223751852755,4.521399998338893,114.17509999591857,53.25
1763663581,10,,Aggregated,0.000000,0.000000,9,10,11,12,17,26,110,250,250,250,250,82,76,9,14.29667317226143,4.521399998338893,250.43960000039078,53.21951219512195
1763663582,10,,Aggregated,0.000000,0.000000,9,10,11,11,17,26,110,250,250,250,250,86,80,9,13.978815117720949,4.521399998338893,250.43960000039078,53.16279069767442
1763663583,10,,Aggregated,0.000000,0.000000,9,10,11,11,17,26,110,250,250,250,250,86,80,9,13.978815117720949,4.521399998338893,250.43960000039078,53.16279069767442
1763663584,10,,Aggregated,0.000000,0.000000,9,10,11,12,17,26,110,250,250,250,250,88,82,9,13.925578410800716,4.521399998338893,250.43960000039078,53.13636363636363
1763663585,10,,Aggregated,0.000000,0.000000,9,10,11,12,17,26,110,250,250,250,250,88,82,9,13.925578410800716,4.521399998338893,250.43960000039078,53.13636363636363
1763663586,10,,Aggregated,0.800000,0.800000,9,10,11,12,17,26,110,250,250,250,250,90,84,9,13.77311000186536,4.521399998338893,250.43960000039078,53.111111111111114
1763663587,10,,Aggregated,0.800000,0.800000,9,10,11,12,17,26,110,250,250,250,250,90,84,9,13.77311000186536,4.521399998338893,250.43960000039078,53.111111111111114
1763663588,10,,Aggregated,0.800000,0.800000,9,10,11,12,17,26,110,250,250,250,250,90,84,9,13.77311000186536,4.521399998338893,250.43960000039078,53.111111111111114
1763663589,10,,Aggregated,0.800000,0.800000,9,10,11,12,17,26,110,250,250,250,250,90,84,9,13.77311000186536,4.521399998338893,250.43960000039078,53.111111111111114
1763663590,10,,Aggregated,1.000000,1.000000,9,10,11,11,15,26,110,250,250,250,250,94,88,9,13.498309576150744,4.521399998338893,250.43960000039078,53.06382978723404
1763663591,10,,Aggregated,1.000000,1.000000,9,10,11,11,15,26,110,250,250,250,250,94,88,9,13.498309576150744,4.521399998338893,250.43960000039078,53.06382978723404
1763663592,10,,Aggregated,1.000000,1.000000,9,10,11,11,15,26,110,250,250,250,250,96,90,9,13.41954062657654,4.521399998338893,250.43960000039078,53.041666666666664
1763663594,10,,Aggregated,1.400000,1.400000,9,10,11,11,15,26,110,250,250,250,250,98,92,9,13.29987040989348,4.521399998338893,250.43960000039078,53.02040816326531
1763663595,10,,Aggregated,1.400000,1.400000,9,10,11,11,15,26,110,250,250,250,250,98,92,9,13.29987040989348,4.521399998338893,250.43960000039078,53.02040816326531
1763663596,10,,Aggregated,1.400000,1.400000,9,10,11,11,15,26,110,250,250,250,250,98,92,9,13.29987040989348,4.521399998338893,250.43960000039078,53.02040816326531
1763663597,10,,Aggregated,1.400000,1.400000,9,10,11,11,15,26,110,250,250,250,250,98,92,9,13.29987040989348,4.521399998338893,250.43960000039078,53.02040816326531
1763663598,10,,Aggregated,1.400000,1.400000,9,10,11,11,15,26,110,250,250,250,250,98,92,9,13.29987040989348,4.521399998338893,250.43960000039078,53.02040816326531
1763663599,10,,Aggregated,1.400000,1.400000,9,10,11,11,15,26,110,250,250,250,250,98,92,9,13.29987040989348,4.521399998338893,250.43960000039078,53.02040816326531
1763663600,10,,Aggregated,1.400000,1.400000,9,10,11,11,15,26,110,250,250,250,250,98,92,9,13.29987040989348,4.521399998338893,250.43960000039078,53.02040816326531
1763663601,10,,Aggregated,1.400000,1.400000,9,10,11,11,15,26,110,250,250,250,250,98,92,9,13.29987040989348,4.521399998338893,250.43960000039078,53.02040816326531
1763663602,10,,Aggregated,1.400000,1.400000,9,10,11,11,15,26,110,250,250,250,250,98,92,9,13.29987040989348,4.521399998338893,250.43960000039078,53.02040816326531
1763663603,10,,Aggregated,1.400000,1.400000,9,10,11,11,15,26,110,250,250,250,250,98,92,9,13.29987040989348,4.521399998338893,250.43960000039078,53.02040816326531
1763663604,10,,Aggregated,1.400000,1.400000,9,10,11,11,15,26,110,250,250,250,250,98,92,9,13.29987040989348,4.521399998338893,250.43960000039078,53.02040816326531
1763663605,10,,Aggregated,1.400000,1.400000,9,10,11,11,15,26,110,250,250,250,250,98,92,9,13.29987040989348,4.521399998338893,250.43960000039078,53.02040816326531
1763663606,10,,Aggregated,0.200000,0.200000,9,10,11,11,15,26,110,250,250,250,250,100,94,8,13.18174000189174,4.521399998338893,250.43960000039078,53.0
1763663607,10,,Aggregated,0.200000,0.200000,9,10,11,11,15,26,110,250,250,250,250,100,94,8,13.18174000189174,4.521399998338893,250.43960000039078,53.0
1763663608,10,,Aggregated,0.200000,0.200000,9,10,11,11,15,26,110,250,250,250,250,100,94,8,13.18174000189174,4.521399998338893,250.43960000039078,53.0
1763663609,10,,Aggregated,0.200000,0.200000,9,10,11,11,15,26,110,250,250,250,250,100,94,8,13.18174000189174,4.521399998338893,250.43960000039078,53.0
1763663610,10,,Aggregated,0.200000,0.200000,9,10,11,11,15,26,110,250,250,250,250,100,94,8,13.18174000189174,4.521399998338893,250.43960000039078,53.0
1763663611,10,,Aggregated,0.200000,0.200000,9,10,11,11,15,26,110,250,250,250,250,100,94,8,13.18174000189174,4.521399998338893,250.43960000039078,53.0
1763663612,10,,Aggregated,0.200000,0.200000,9,10,11,11,15,26,110,250,250,250,250,100,94,8,13.18174000189174,4.521399998338893,250.43960000039078,53.0
1763663613,10,,Aggregated,0.200000,0.200000,9,10,11,11,15,26,110,250,250,250,250,100,94,8,13.18174000189174,4.521399998338893,250.43960000039078,53.0
1763663614,10,,Aggregated,0.200000,0.200000,9,10,11,11,15,26,110,250,250,250,250,100,94,8,13.18174000189174,4.521399998338893,250.43960000039078,53.0
1763663615,10,,Aggregated,0.200000,0.200000,9,10,11,11,15,26,110,250,250,250,250,100,94,8,13.18174000189174,4.521399998338893,250.43960000039078,53.0
1763663616,10,,Aggregated,0.200000,0.200000,9,10,11,11,15,26,110,250,250,250,250,100,94,8,13.18174000189174,4.521399998338893,250.43960000039078,53.0
1763663617,10,,Aggregated,0.200000,0.200000,9,10,11,11,15,26,110,250,250,250,250,100,94,8,13.18174000189174,4.521399998338893,250.43960000039078,53.0
1763663618,10,,Aggregated,0.200000,0.200000,9,10,11,11,15,26,110,250,250,250,250,100,94,8,13.18174000189174,4.521399998338893,250.43960000039078,53.0
1763663619,10,,Aggregated,0.200000,0.200000,9,10,11,11,15,26,110,250,250,250,250,100,94,8,13.18174000189174,4.521399998338893,250.43960000039078,53.0
1763663620,10,,Aggregated,0.200000,0.200000,9,10,11,11,15,26,110,250,250,250,250,100,94,8,13.18174000189174,4.521399998338893,250.43960000039078,53.0
1763663621,10,,Aggregated,0.200000,0.200000,9,10,11,11,15,26,110,250,250,250,250,100,94,8,13.18174000189174,4.521399998338893,250.43960000039078,53.0
1763663622,10,,Aggregated,0.200000,0.200000,9,10,11,11,15,26,110,250,250,250,250,100,94,8,13.18174000189174,4.521399998338893,250.43960000039078,53.0
1763663623,10,,Aggregated,0.200000,0.200000,9,10,11,11,15,26,110,250,250,250,250,100,94,8,13.18174000189174,4.521399998338893,250.43960000039078,53.0
1763663624,10,,Aggregated,0.200000,0.200000,9,10,11,11,15,26,110,250,250,250,250,100,94,8,13.18174000189174,4.521399998338893,250.43960000039078,53.0
1763663625,10,,Aggregated,0.000000,0.000000,9,10,11,12,17,23,49,110,250,250,250,104,98,9,13.36978557866622,4.521399998338893,250.43960000039078,52.96153846153846
1763663626,10,,Aggregated,0.000000,0.000000,9,10,11,12,17,23,49,110,250,250,250,104,98,9,13.36978557866622,4.521399998338893,250.43960000039078,52.96153846153846
1763663627,10,,Aggregated,0.000000,0.000000,9,10,11,12,17,23,49,110,250,250,250,104,98,9,13.36978557866622,4.521399998338893,250.43960000039078,52.96153846153846
1763663628,10,,Aggregated,0.400000,0.400000,9,10,11,12,17,26,110,250,870,870,870,105,99,9,21.56012095400088,4.521399998338893,873.3549999888055,52.98095238095238
1763663629,10,,Aggregated,0.400000,0.400000,9,10,12,13,19,72,250,360,870,870,870,108,102,9,25.77641852015707,4.521399998338893,873.3549999888055,52.925925925925924
1763663630,10,,Aggregated,0.400000,0.400000,9,10,12,13,19,72,250,360,870,870,870,108,102,9,25.77641852015707,4.521399998338893,873.3549999888055,52.925925925925924
1763663631,10,,Aggregated,0.400000,0.400000,9,10,12,13,19,72,250,360,870,870,870,108,102,9,25.77641852015707,4.521399998338893,873.3549999888055,52.925925925925924
1763663632,10,,Aggregated,0.400000,0.400000,9,10,12,13,19,72,250,360,870,870,870,108,102,9,25.77641852015707,4.521399998338893,873.3549999888055,52.925925925925924
1763663633,10,,Aggregated,0.800000,0.800000,9,10,11,13,19,72,250,360,870,870,870,110,104,9,25.468772728874516,4.521399998338893,873.3549999888055,52.90909090909091
1763663634,10,,Aggregated,0.800000,0.800000,9,10,12,13,19,72,250,360,870,870,870,112,106,9,25.216059822923853,4.521399998338893,873.3549999888055,52.892857142857146
1763663635,10,,Aggregated,0.800000,0.800000,9,10,12,13,19,72,250,360,870,870,870,112,106,9,25.216059822923853,4.521399998338893,873.3549999888055,52.892857142857146
1763663636,10,,Aggregated,0.800000,0.800000,9,10,12,13,19,72,250,360,870,870,870,112,106,9,25.216059822923853,4.521399998338893,873.3549999888055,52.892857142857146
1763663637,10,,Aggregated,1.200000,1.200000,9,10,11,13,19,72,250,360,870,870,870,114,108,9,24.94045614168914,4.521399998338893,873.3549999888055,52.87719298245614
1763663638,10,,Aggregated,1.200000,1.200000,9,10,11,13,19,72,250,360,870,870,870,114,108,9,24.94045614168914,4.521399998338893,873.3549999888055,52.87719298245614
1763663639,10,,Aggregated,0.800000,0.800000,9,10,11,12,19,72,250,360,870,870,870,116,110,9,24.658875863302644,4.521399998338893,873.3549999888055,52.86206896551724
1763663640,10,,Aggregated,1.000000,1.000000,9,10,12,13,19,72,250,360,870,870,870,118,112,9,24.51839067916962,4.521399998338893,873.3549999888055,52.847457627118644
1763663641,10,,Aggregated,1.000000,1.000000,9,10,12,13,19,72,250,360,870,870,870,118,112,9,24.51839067916962,4.521399998338893,873.3549999888055,52.847457627118644
1763663642,10,,Aggregated,1.000000,1.000000,9,10,12,13,19,72,250,360,870,870,870,118,112,9,24.51839067916962,4.521399998338893,873.3549999888055,52.847457627118644
1763663643,10,,Aggregated,1.000000,1.000000,9,10,12,13,19,72,250,360,870,870,870,118,112,9,24.51839067916962,4.521399998338893,873.3549999888055,52.847457627118644
1763663644,10,,Aggregated,1.000000,1.000000,9,10,12,13,19,72,250,360,870,870,870,118,112,9,24.51839067916962,4.521399998338893,873.3549999888055,52.847457627118644
1763663645,10,,Aggregated,1.000000,1.000000,9,10,12,13,19,72,250,360,870,870,870,118,112,9,24.51839067916962,4.521399998338893,873.3549999888055,52.847457627118644
1763663646,10,,Aggregated,1.000000,1.000000,9,10,12,13,19,72,250,360,870,870,870,118,112,9,24.51839067916962,4.521399998338893,873.3549999888055,52.847457627118644
1763663647,10,,Aggregated,1.000000,1.000000,9,10,12,13,19,72,250,360,870,870,870,118,112,9,24.51839067916962,4.521399998338893,873.3549999888055,52.847457627118644
1763663648,10,,Aggregated,1.000000,1.000000,9,10,12,13,19,72,250,360,870,870,870,118,112,9,24.51839067916962,4.521399998338893,873.3549999888055,52.847457627118644
1763663649,10,,Aggregated,1.000000,1.000000,9,10,12,13,19,72,250,360,870,870,870,118,112,9,24.51839067916962,4.521399998338893,873.3549999888055,52.847457627118644
1763663650,10,,Aggregated,1.000000,1.000000,9,10,12,13,19,72,250,360,870,870,870,118,112,9,24.51839067916962,4.521399998338893,873.3549999888055,52.847457627118644
1763663652,10,,Aggregated,0.200000,0.200000,9,11,12,14,21,92,360,870,900,900,900,119,113,9,31.855142017936004,4.521399998338893,897.5917999923695,52.865546218487395
1763663653,10,,Aggregated,0.200000,0.200000,9,11,12,15,23,110,390,870,900,900,900,120,114,9,34.851580001122784,4.521399998338893,897.5917999923695,52.833333333333336
1763663654,10,,Aggregated,0.200000,0.200000,9,11,12,15,23,110,390,870,900,900,900,120,114,9,34.851580001122784,4.521399998338893,897.5917999923695,52.833333333333336
1763663655,10,,Aggregated,0.200000,0.200000,9,11,12,15,23,110,390,870,900,900,900,120,114,9,34.851580001122784,4.521399998338893,897.5917999923695,52.833333333333336
1763663656,10,,Aggregated,0.200000,0.200000,9,11,12,15,23,110,390,870,900,900,900,120,114,9,34.851580001122784,4.521399998338893,897.5917999923695,52.833333333333336
1763663657,10,,Aggregated,0.200000,0.200000,9,11,12,15,23,110,390,870,900,900,900,120,114,9,34.851580001122784,4.521399998338893,897.5917999923695,52.833333333333336
1763663659,10,,Aggregated,0.200000,0.200000,9,11,12,15,23,110,390,870,900,900,900,120,114,9,34.851580001122784,4.521399998338893,897.5917999923695,52.833333333333336
1763663660,10,,Aggregated,0.200000,0.200000,9,11,12,15,26,92,390,870,900,900,900,124,118,9,34.579893549239536,4.521399998338893,897.5917999923695,52.806451612903224
1763663661,10,,Aggregated,0.200000,0.200000,9,11,12,15,26,92,390,870,900,900,900,124,118,9,34.579893549239536,4.521399998338893,897.5917999923695,52.806451612903224
1763663662,10,,Aggregated,0.200000,0.200000,9,11,12,15,26,92,390,870,900,900,900,124,118,9,34.579893549239536,4.521399998338893,897.5917999923695,52.806451612903224
1763663663,10,,Aggregated,0.200000,0.200000,9,11,12,15,26,92,390,870,900,900,900,124,118,9,34.579893549239536,4.521399998338893,897.5917999923695,52.806451612903224
1763663664,10,,Aggregated,0.200000,0.200000,9,11,12,15,26,92,390,870,900,900,900,124,118,9,34.579893549239536,4.521399998338893,897.5917999923695,52.806451612903224
1763663665,10,,Aggregated,0.200000,0.200000,9,11,12,15,26,92,390,870,900,900,900,124,118,9,34.579893549239536,4.521399998338893,897.5917999923695,52.806451612903224
1763663666,10,,Aggregated,0.200000,0.200000,9,11,12,15,26,92,390,870,900,900,900,124,118,9,34.579893549239536,4.521399998338893,897.5917999923695,52.806451612903224
1763663667,10,,Aggregated,0.200000,0.200000,9,11,12,15,26,92,390,870,900,900,900,124,118,9,34.579893549239536,4.521399998338893,897.5917999923695,52.806451612903224
1763663668,10,,Aggregated,0.200000,0.200000,9,11,12,15,26,92,390,870,900,900,900,124,118,9,34.579893549239536,4.521399998338893,897.5917999923695,52.806451612903224
1763663669,10,,Aggregated,0.200000,0.200000,9,11,12,15,26,92,390,870,900,900,900,124,118,9,34.579893549239536,4.521399998338893,897.5917999923695,52.806451612903224
1763663670,10,,Aggregated,0.200000,0.200000,9,11,12,15,26,92,390,870,900,900,900,124,118,9,34.579893549239536,4.521399998338893,897.5917999923695,52.806451612903224
1763663671,10,,Aggregated,0.200000,0.200000,9,11,12,15,26,92,390,870,900,900,900,124,118,9,34.579893549239536,4.521399998338893,897.5917999923695,52.806451612903224
1763663672,10,,Aggregated,0.200000,0.200000,9,11,12,15,26,92,390,870,900,900,900,124,118,9,34.579893549239536,4.521399998338893,897.5917999923695,52.806451612903224
1763663673,10,,Aggregated,0.200000,0.200000,9,11,12,15,26,92,390,870,900,900,900,124,118,9,34.579893549239536,4.521399998338893,897.5917999923695,52.806451612903224
1763663674,10,,Aggregated,0.200000,0.200000,9,11,12,15,26,92,390,870,900,900,900,124,118,9,34.579893549239536,4.521399998338893,897.5917999923695,52.806451612903224
1763663675,10,,Aggregated,0.200000,0.200000,9,11,12,15,26,92,390,870,900,900,900,124,118,9,34.579893549239536,4.521399998338893,897.5917999923695,52.806451612903224
1763663676,10,,Aggregated,0.200000,0.200000,9,11,12,15,26,92,390,870,900,900,900,124,118,9,34.579893549239536,4.521399998338893,897.5917999923695,52.806451612903224
1763663677,10,,Aggregated,0.200000,0.200000,9,11,12,15,26,92,390,870,900,900,900,124,118,9,34.579893549239536,4.521399998338893,897.5917999923695,52.806451612903224
1763663678,10,,Aggregated,0.200000,0.200000,9,11,12,15,26,92,390,870,900,900,900,124,118,9,34.579893549239536,4.521399998338893,897.5917999923695,52.806451612903224
1763663679,2,,Aggregated,0.200000,0.200000,9,11,12,15,26,92,390,870,900,900,900,124,118,9,34.579893549239536,4.521399998338893,897.5917999923695,52.806451612903224
1763663680,2,,Aggregated,0.200000,0.200000,9,11,12,15,26,92,390,870,900,900,900,124,118,9,34.579893549239536,4.521399998338893,897.5917999923695,52.806451612903224
1763663681,2,,Aggregated,0.200000,0.200000,9,11,12,15,26,92,390,870,900,900,900,124,118,9,34.579893549239536,4.521399998338893,897.5917999923695,52.806451612903224
1763663682,2,,Aggregated,0.200000,0.200000,9,11,12,15,26,92,390,870,900,900,900,124,118,9,34.579893549239536,4.521399998338893,897.5917999923695,52.806451612903224
1763663683,2,,Aggregated,0.200000,0.200000,9,11,12,15,26,92,390,870,900,900,900,124,118,9,34.579893549239536,4.521399998338893,897.5917999923695,52.806451612903224
1763663684,2,,Aggregated,0.200000,0.200000,9,11,12,15,26,92,390,870,900,900,900,124,118,9,34.579893549239536,4.521399998338893,897.5917999923695,52.806451612903224
1763663685,2,,Aggregated,0.200000,0.200000,9,11,12,15,26,92,390,870,900,900,900,124,118,9,34.579893549239536,4.521399998338893,897.5917999923695,52.806451612903224
1763663686,2,,Aggregated,0.200000,0.200000,9,11,12,15,26,92,390,870,900,900,900,124,118,9,34.579893549239536,4.521399998338893,897.5917999923695,52.806451612903224
1763663687,2,,Aggregated,0.200000,0.200000,9,11,12,15,26,92,390,870,900,900,900,124,118,9,34.579893549239536,4.521399998338893,897.5917999923695,52.806451612903224
1763663688,2,,Aggregated,0.200000,0.200000,9,11,12,15,26,92,390,870,900,900,900,124,118,9,34.579893549239536,4.521399998338893,897.5917999923695,52.806451612903224
1763663689,2,,Aggregated,0.200000,0.200000,9,11,12,15,26,92,390,870,900,900,900,124,118,9,34.579893549239536,4.521399998338893,897.5917999923695,52.806451612903224
1763663690,2,,Aggregated,0.200000,0.200000,9,11,12,15,26,92,390,870,900,900,900,124,118,9,34.579893549239536,4.521399998338893,897.5917999923695,52.806451612903224
1763663691,2,,Aggregated,0.200000,0.200000,9,11,12,15,26,92,390,870,900,900,900,124,118,9,34.579893549239536,4.521399998338893,897.5917999923695,52.806451612903224
1763663692,2,,Aggregated,0.200000,0.200000,9,11,12,15,26,92,390,870,900,900,900,124,118,9,34.579893549239536,4.521399998338893,897.5917999923695,52.806451612903224
1763663693,2,,Aggregated,0.200000,0.200000,9,11,12,15,26,92,390,870,900,900,900,124,118,9,34.579893549239536,4.521399998338893,897.5917999923695,52.806451612903224
1763663694,2,,Aggregated,0.200000,0.200000,9,11,12,15,26,92,390,870,900,900,900,124,118,9,34.579893549239536,4.521399998338893,897.5917999923695,52.806451612903224
1763663695,2,,Aggregated,0.200000,0.200000,9,11,12,15,26,92,390,870,900,900,900,124,118,9,34.579893549239536,4.521399998338893,897.5917999923695,52.806451612903224
1763663696,2,,Aggregated,0.200000,0.200000,9,11,12,15,26,92,390,870,900,900,900,124,118,9,34.579893549239536,4.521399998338893,897.5917999923695,52.806451612903224
1763663697,2,,Aggregated,0.200000,0.200000,9,11,12,15,26,92,390,870,900,900,900,124,118,9,34.579893549239536,4.521399998338893,897.5917999923695,52.806451612903224
1763663698,2,,Aggregated,0.200000,0.200000,9,11,12,15,26,92,390,870,900,900,900,124,118,9,34.579893549239536,4.521399998338893,897.5917999923695,52.806451612903224
1763663699,2,,Aggregated,0.200000,0.200000,9,11,12,15,26,92,390,870,900,900,900,124,118,9,34.579893549239536,4.521399998338893,897.5917999923695,52.806451612903224
1763663700,2,,Aggregated,0.200000,0.200000,9,11,12,15,26,92,390,870,900,900,900,124,118,9,34.579893549239536,4.521399998338893,897.5917999923695,52.806451612903224
1763663701,2,,Aggregated,0.200000,0.200000,9,11,12,15,26,92,390,870,900,900,900,124,118,9,34.579893549239536,4.521399998338893,897.5917999923695,52.806451612903224
1763663702,2,,Aggregated,0.200000,0.200000,9,11,12,15,26,92,390,870,900,900,900,124,118,9,34.579893549239536,4.521399998338893,897.5917999923695,52.806451612903224
1763663703,2,,Aggregated,0.200000,0.200000,9,11,12,15,26,92,390,870,900,900,900,124,118,9,34.579893549239536,4.521399998338893,897.5917999923695,52.806451612903224
1763663704,2,,Aggregated,0.200000,0.200000,9,11,12,15,26,92,390,870,900,900,900,124,118,9,34.579893549239536,4.521399998338893,897.5917999923695,52.806451612903224
1763663705,2,,Aggregated,0.000000,0.000000,9,11,12,15,28,110,390,870,900,900,900,126,120,9,36.62370158810287,4.521399998338893,897.5917999923695,52.79365079365079
1763663706,2,,Aggregated,0.000000,0.000000,9,11,12,15,28,110,390,870,900,900,900,128,122,9,36.13426953211274,4.521399998338893,897.5917999923695,52.78125
1763663707,2,,Aggregated,0.000000,0.000000,9,11,12,15,28,110,390,870,900,900,900,128,122,9,36.13426953211274,4.521399998338893,897.5917999923695,52.78125
1763663708,2,,Aggregated,0.000000,0.000000,9,11,12,15,28,110,390,870,900,900,900,128,122,9,36.13426953211274,4.521399998338893,897.5917999923695,52.78125
1763663709,2,,Aggregated,0.000000,0.000000,9,11,12,15,28,110,390,870,900,900,900,128,122,9,36.13426953211274,4.521399998338893,897.5917999923695,52.78125
1763663711,2,,Aggregated,0.000000,0.000000,9,11,12,15,28,110,390,870,900,900,900,128,122,9,36.13426953211274,4.521399998338893,897.5917999923695,52.78125
1763663712,2,,Aggregated,0.000000,0.000000,9,11,12,15,28,110,390,870,900,900,900,128,122,9,36.13426953211274,4.521399998338893,897.5917999923695,52.78125
1763663713,2,,Aggregated,0.000000,0.000000,9,11,12,15,28,110,390,870,900,900,900,128,122,9,36.13426953211274,4.521399998338893,897.5917999923695,52.78125
1763663714,2,,Aggregated,0.000000,0.000000,9,11,12,15,28,110,390,870,900,900,900,128,122,9,36.13426953211274,4.521399998338893,897.5917999923695,52.78125
1763663715,2,,Aggregated,0.000000,0.000000,9,11,12,15,28,110,390,870,900,900,900,128,122,9,36.13426953211274,4.521399998338893,897.5917999923695,52.78125
1763663716,2,,Aggregated,0.000000,0.000000,9,11,12,15,28,110,390,870,900,900,900,128,122,9,36.13426953211274,4.521399998338893,897.5917999923695,52.78125
1763663717,2,,Aggregated,0.000000,0.000000,9,11,12,15,28,110,390,870,900,900,900,128,122,9,36.13426953211274,4.521399998338893,897.5917999923695,52.78125
1763663718,2,,Aggregated,0.000000,0.000000,9,11,12,15,28,110,390,870,900,900,900,128,122,9,36.13426953211274,4.521399998338893,897.5917999923695,52.78125
1763663719,2,,Aggregated,0.000000,0.000000,9,11,12,15,28,110,390,870,900,900,900,128,122,9,36.13426953211274,4.521399998338893,897.5917999923695,52.78125
1763663720,2,,Aggregated,0.000000,0.000000,9,11,12,15,28,110,390,870,900,900,900,128,122,9,36.13426953211274,4.521399998338893,897.5917999923695,52.78125
1763663721,2,,Aggregated,0.000000,0.000000,9,11,12,15,28,110,390,870,900,900,900,128,122,9,36.13426953211274,4.521399998338893,897.5917999923695,52.78125
1763663722,2,,Aggregated,0.000000,0.000000,9,11,12,15,28,110,390,870,900,900,900,128,122,9,36.13426953211274,4.521399998338893,897.5917999923695,52.78125
1763663723,2,,Aggregated,0.000000,0.000000,9,11,12,15,28,110,390,870,900,900,900,128,122,9,36.13426953211274,4.521399998338893,897.5917999923695,52.78125
1763663724,2,,Aggregated,0.000000,0.000000,9,11,12,15,28,110,390,870,900,900,900,128,122,9,36.13426953211274,4.521399998338893,897.5917999923695,52.78125
1763663725,2,,Aggregated,0.000000,0.000000,9,11,12,15,28,110,390,870,900,900,900,128,122,9,36.13426953211274,4.521399998338893,897.5917999923695,52.78125
1763663726,2,,Aggregated,0.000000,0.000000,9,11,12,15,28,110,390,870,900,900,900,128,122,9,36.13426953211274,4.521399998338893,897.5917999923695,52.78125
1763663727,2,,Aggregated,0.000000,0.000000,9,11,12,15,28,110,390,870,900,900,900,128,122,9,36.13426953211274,4.521399998338893,897.5917999923695,52.78125
1763663728,2,,Aggregated,0.000000,0.000000,9,11,12,15,28,110,390,870,900,900,900,128,122,9,36.13426953211274,4.521399998338893,897.5917999923695,52.78125
1763663729,2,,Aggregated,0.000000,0.000000,9,11,12,15,28,110,390,870,900,900,900,128,122,9,36.13426953211274,4.521399998338893,897.5917999923695,52.78125
1763663730,2,,Aggregated,0.000000,0.000000,9,11,12,15,28,110,390,870,900,900,900,128,122,9,36.13426953211274,4.521399998338893,897.5917999923695,52.78125
1763663731,2,,Aggregated,0.000000,0.000000,9,11,12,15,28,110,390,870,900,900,900,128,122,9,36.13426953211274,4.521399998338893,897.5917999923695,52.78125
1763663732,2,,Aggregated,0.000000,0.000000,9,11,12,15,28,110,390,870,900,900,900,128,122,9,36.13426953211274,4.521399998338893,897.5917999923695,52.78125
1763663733,2,,Aggregated,0.000000,0.000000,9,11,12,15,28,110,390,870,900,900,900,128,122,9,36.13426953211274,4.521399998338893,897.5917999923695,52.78125
1763663734,2,,Aggregated,0.000000,0.000000,9,11,12,15,28,110,390,870,900,900,900,128,122,9,36.13426953211274,4.521399998338893,897.5917999923695,52.78125
1763663735,2,,Aggregated,0.000000,0.000000,9,11,12,15,28,110,390,870,900,900,900,128,122,9,36.13426953211274,4.521399998338893,897.5917999923695,52.78125
1763663736,2,,Aggregated,0.000000,0.000000,9,11,12,15,28,110,390,870,900,900,900,128,122,9,36.13426953211274,4.521399998338893,897.5917999923695,52.78125
1763663737,2,,Aggregated,0.000000,0.000000,9,11,12,15,28,110,390,870,900,900,900,128,122,9,36.13426953211274,4.521399998338893,897.5917999923695,52.78125
1763663738,2,,Aggregated,0.000000,0.000000,9,11,12,15,28,110,390,870,900,900,900,128,122,9,36.13426953211274,4.521399998338893,897.5917999923695,52.78125
1763663739,2,,Aggregated,0.000000,0.000000,9,11,12,15,28,110,390,870,900,900,900,128,122,9,36.13426953211274,4.521399998338893,897.5917999923695,52.78125
1763663740,2,,Aggregated,0.000000,0.000000,9,11,12,15,28,110,390,870,900,900,900,128,122,9,36.13426953211274,4.521399998338893,897.5917999923695,52.78125
1763663741,2,,Aggregated,0.000000,0.000000,9,11,12,15,28,110,390,870,900,900,900,128,122,9,36.13426953211274,4.521399998338893,897.5917999923695,52.78125
1763663742,2,,Aggregated,0.000000,0.000000,9,11,12,15,28,110,390,870,900,900,900,128,122,9,36.13426953211274,4.521399998338893,897.5917999923695,52.78125
1763663743,2,,Aggregated,0.000000,0.000000,9,11,12,15,28,110,390,870,900,900,900,128,122,9,36.13426953211274,4.521399998338893,897.5917999923695,52.78125
1763663744,2,,Aggregated,0.000000,0.000000,9,11,12,15,28,110,390,870,900,900,900,128,122,9,36.13426953211274,4.521399998338893,897.5917999923695,52.78125
1763663745,2,,Aggregated,0.000000,0.000000,9,11,12,15,28,110,390,870,900,900,900,128,122,9,36.13426953211274,4.521399998338893,897.5917999923695,52.78125
1763663746,2,,Aggregated,0.000000,0.000000,9,11,12,15,28,110,390,870,900,900,900,128,122,9,36.13426953211274,4.521399998338893,897.5917999923695,52.78125
1763663747,2,,Aggregated,0.000000,0.000000,9,11,12,15,28,110,390,870,900,900,900,128,122,9,36.13426953211274,4.521399998338893,897.5917999923695,52.78125
1763663748,2,,Aggregated,0.000000,0.000000,9,11,12,15,28,110,390,870,900,900,900,128,122,9,36.13426953211274,4.521399998338893,897.5917999923695,52.78125
1763663749,2,,Aggregated,0.000000,0.000000,9,11,12,15,28,110,390,870,900,900,900,128,122,9,36.13426953211274,4.521399998338893,897.5917999923695,52.78125
1763663750,2,,Aggregated,0.000000,0.000000,9,11,12,15,28,110,390,870,900,900,900,128,122,9,36.13426953211274,4.521399998338893,897.5917999923695,52.78125
1763663751,2,,Aggregated,0.000000,0.000000,9,11,12,15,28,110,390,870,900,900,900,128,122,9,36.13426953211274,4.521399998338893,897.5917999923695,52.78125
1763663752,2,,Aggregated,0.000000,0.000000,9,11,12,15,28,110,390,870,900,900,900,132,126,9,35.50967045532271,4.521399998338893,897.5917999923695,52.75757575757576
1763663753,2,,Aggregated,0.000000,0.000000,9,11,12,15,28,110,390,870,900,900,900,132,126,9,35.50967045532271,4.521399998338893,897.5917999923695,52.75757575757576
1763663754,2,,Aggregated,0.000000,0.000000,9,11,12,15,28,110,390,870,900,900,900,132,126,9,35.50967045532271,4.521399998338893,897.5917999923695,52.75757575757576
1763663755,2,,Aggregated,0.000000,0.000000,9,11,12,15,28,110,390,870,900,900,900,132,126,9,35.50967045532271,4.521399998338893,897.5917999923695,52.75757575757576
1763663756,2,,Aggregated,0.000000,0.000000,9,11,12,15,28,110,390,870,900,900,900,132,126,9,35.50967045532271,4.521399998338893,897.5917999923695,52.75757575757576
1763663757,2,,Aggregated,0.000000,0.000000,9,11,12,15,28,110,390,870,900,900,900,132,126,9,35.50967045532271,4.521399998338893,897.5917999923695,52.75757575757576
1763663758,2,,Aggregated,0.000000,0.000000,9,11,12,15,28,110,390,870,900,900,900,132,126,9,35.50967045532271,4.521399998338893,897.5917999923695,52.75757575757576
1763663759,2,,Aggregated,0.000000,0.000000,9,11,12,15,28,110,390,870,900,900,900,132,126,9,35.50967045532271,4.521399998338893,897.5917999923695,52.75757575757576
1763663760,2,,Aggregated,0.000000,0.000000,9,11,12,15,28,110,390,870,900,900,900,132,126,9,35.50967045532271,4.521399998338893,897.5917999923695,52.75757575757576
1763663761,2,,Aggregated,0.000000,0.000000,9,11,12,15,28,110,390,870,900,900,900,132,126,9,35.50967045532271,4.521399998338893,897.5917999923695,52.75757575757576
1763663762,2,,Aggregated,0.000000,0.000000,9,11,12,15,28,110,390,870,900,900,900,132,126,9,35.50967045532271,4.521399998338893,897.5917999923695,52.75757575757576
1763663763,2,,Aggregated,0.000000,0.000000,9,11,12,15,28,110,390,870,900,900,900,132,126,9,35.50967045532271,4.521399998338893,897.5917999923695,52.75757575757576
1763663764,2,,Aggregated,0.000000,0.000000,9,11,12,15,28,110,390,870,900,900,900,132,126,9,35.50967045532271,4.521399998338893,897.5917999923695,52.75757575757576
1763663765,2,,Aggregated,0.000000,0.000000,9,11,12,15,28,110,390,870,900,900,900,132,126,9,35.50967045532271,4.521399998338893,897.5917999923695,52.75757575757576
1763663766,2,,Aggregated,0.000000,0.000000,9,11,12,15,28,110,390,870,900,900,900,132,126,9,35.50967045532271,4.521399998338893,897.5917999923695,52.75757575757576
1763663767,2,,Aggregated,0.000000,0.000000,9,11,12,15,28,110,390,870,900,900,900,132,126,9,35.50967045532271,4.521399998338893,897.5917999923695,52.75757575757576
1763663768,2,,Aggregated,0.000000,0.000000,9,11,12,15,28,110,390,870,900,900,900,132,126,9,35.50967045532271,4.521399998338893,897.5917999923695,52.75757575757576
1763663769,2,,Aggregated,0.000000,0.000000,9,11,12,15,28,110,390,870,900,900,900,132,126,9,35.50967045532271,4.521399998338893,897.5917999923695,52.75757575757576
1763663770,2,,Aggregated,0.000000,0.000000,9,11,12,15,28,110,390,870,900,900,900,132,126,9,35.50967045532271,4.521399998338893,897.5917999923695,52.75757575757576
1763663771,2,,Aggregated,0.000000,0.000000,9,11,12,15,28,110,390,870,900,900,900,132,126,9,35.50967045532271,4.521399998338893,897.5917999923695,52.75757575757576
1763663772,2,,Aggregated,0.000000,0.000000,9,11,12,15,28,110,390,870,900,900,900,132,126,9,35.50967045532271,4.521399998338893,897.5917999923695,52.75757575757576
1763663773,2,,Aggregated,0.000000,0.000000,9,11,12,15,28,110,390,870,900,900,900,132,126,9,35.50967045532271,4.521399998338893,897.5917999923695,52.75757575757576
1763663774,2,,Aggregated,0.000000,0.000000,9,11,12,15,28,110,390,870,900,900,900,132,126,9,35.50967045532271,4.521399998338893,897.5917999923695,52.75757575757576
1763663775,2,,Aggregated,0.000000,0.000000,9,11,12,15,28,110,390,870,900,900,900,132,126,9,35.50967045532271,4.521399998338893,897.5917999923695,52.75757575757576
1763663776,2,,Aggregated,0.000000,0.000000,9,11,12,15,28,110,390,870,900,900,900,132,126,9,35.50967045532271,4.521399998338893,897.5917999923695,52.75757575757576
1763663777,2,,Aggregated,0.000000,0.000000,9,11,12,15,28,110,390,870,900,900,900,132,126,9,35.50967045532271,4.521399998338893,897.5917999923695,52.75757575757576
1763663778,2,,Aggregated,0.000000,0.000000,9,11,12,15,28,110,390,870,900,900,900,132,126,9,35.50967045532271,4.521399998338893,897.5917999923695,52.75757575757576
1763663779,2,,Aggregated,0.000000,0.000000,9,11,12,15,28,110,390,870,900,900,900,132,126,9,35.50967045532271,4.521399998338893,897.5917999923695,52.75757575757576
1763663780,2,,Aggregated,0.000000,0.000000,9,11,12,15,28,110,390,870,900,900,900,132,126,9,35.50967045532271,4.521399998338893,897.5917999923695,52.75757575757576
1763663781,2,,Aggregated,0.000000,0.000000,9,11,12,15,28,110,390,870,900,900,900,132,126,9,35.50967045532271,4.521399998338893,897.5917999923695,52.75757575757576
1763663782,2,,Aggregated,0.000000,0.000000,9,11,12,15,28,110,390,870,900,900,900,132,126,9,35.50967045532271,4.521399998338893,897.5917999923695,52.75757575757576
1763663783,2,,Aggregated,0.000000,0.000000,9,11,12,15,28,110,390,870,900,900,900,132,126,9,35.50967045532271,4.521399998338893,897.5917999923695,52.75757575757576
1763663784,2,,Aggregated,0.000000,0.000000,9,11,12,15,28,110,390,870,900,900,900,132,126,9,35.50967045532271,4.521399998338893,897.5917999923695,52.75757575757576
1763663785,2,,Aggregated,0.000000,0.000000,9,11,12,15,28,110,390,870,900,900,900,132,126,9,35.50967045532271,4.521399998338893,897.5917999923695,52.75757575757576
1763663786,2,,Aggregated,0.000000,0.000000,9,11,12,15,28,110,390,870,900,900,900,132,126,9,35.50967045532271,4.521399998338893,897.5917999923695,52.75757575757576
1763663787,2,,Aggregated,0.000000,0.000000,9,11,12,15,28,110,390,870,900,900,900,132,126,9,35.50967045532271,4.521399998338893,897.5917999923695,52.75757575757576
1763663788,2,,Aggregated,0.000000,0.000000,9,11,12,15,28,110,390,870,900,900,900,132,126,9,35.50967045532271,4.521399998338893,897.5917999923695,52.75757575757576
1763663789,2,,Aggregated,0.000000,0.000000,9,11,12,15,28,110,390,870,900,900,900,132,126,9,35.50967045532271,4.521399998338893,897.5917999923695,52.75757575757576
1763663790,2,,Aggregated,0.000000,0.000000,9,11,12,15,28,110,390,870,900,900,900,132,126,9,35.50967045532271,4.521399998338893,897.5917999923695,52.75757575757576
1763663791,2,,Aggregated,0.000000,0.000000,9,11,12,15,28,110,390,870,900,900,900,132,126,9,35.50967045532271,4.521399998338893,897.5917999923695,52.75757575757576
1763663792,2,,Aggregated,0.000000,0.000000,9,11,12,15,28,110,390,870,900,900,900,132,126,9,35.50967045532271,4.521399998338893,897.5917999923695,52.75757575757576
1763663793,2,,Aggregated,0.000000,0.000000,9,11,12,15,28,110,390,870,900,900,900,132,126,9,35.50967045532271,4.521399998338893,897.5917999923695,52.75757575757576
1763663795,2,,Aggregated,0.000000,0.000000,9,11,12,15,28,110,390,870,900,900,900,132,126,9,35.50967045532271,4.521399998338893,897.5917999923695,52.75757575757576
1763663796,2,,Aggregated,0.000000,0.000000,9,11,12,15,28,110,390,870,900,900,900,132,126,9,35.50967045532271,4.521399998338893,897.5917999923695,52.75757575757576
1763663797,2,,Aggregated,0.000000,0.000000,9,11,12,16,29,110,390,870,900,900,900,134,128,9,35.240544030554034,4.521399998338893,897.5917999923695,52.74626865671642
1763663798,2,,Aggregated,0.000000,0.000000,9,11,12,16,29,110,390,870,900,900,900,134,128,9,35.240544030554034,4.521399998338893,897.5917999923695,52.74626865671642
1763663799,2,,Aggregated,0.000000,0.000000,9,11,12,15,29,110,390,870,900,900,900,136,130,9,34.82581397111062,4.521399998338893,897.5917999923695,52.73529411764706
1763663800,2,,Aggregated,0.000000,0.000000,9,11,12,15,29,110,390,870,900,900,900,136,130,9,34.82581397111062,4.521399998338893,897.5917999923695,52.73529411764706
1763663801,2,,Aggregated,0.000000,0.000000,9,11,12,15,29,110,390,870,900,900,900,136,130,9,34.82581397111062,4.521399998338893,897.5917999923695,52.73529411764706
1763663802,2,,Aggregated,0.000000,0.000000,9,11,12,15,29,110,390,870,900,900,900,136,130,9,34.82581397111062,4.521399998338893,897.5917999923695,52.73529411764706
1763663803,2,,Aggregated,0.000000,0.000000,9,11,12,15,29,110,390,870,900,900,900,136,130,9,34.82581397111062,4.521399998338893,897.5917999923695,52.73529411764706
1763663804,2,,Aggregated,0.000000,0.000000,9,11,12,15,29,110,390,870,900,900,900,136,130,9,34.82581397111062,4.521399998338893,897.5917999923695,52.73529411764706
1763663805,2,,Aggregated,0.000000,0.000000,9,11,12,15,29,110,390,870,900,900,900,136,130,9,34.82581397111062,4.521399998338893,897.5917999923695,52.73529411764706
1763663806,2,,Aggregated,0.000000,0.000000,9,11,12,15,29,110,390,870,900,900,900,136,130,9,34.82581397111062,4.521399998338893,897.5917999923695,52.73529411764706
1763663807,2,,Aggregated,0.000000,0.000000,9,11,12,15,29,110,390,870,900,900,900,136,130,9,34.82581397111062,4.521399998338893,897.5917999923695,52.73529411764706
1763663808,2,,Aggregated,0.000000,0.000000,9,11,12,15,29,110,390,870,900,900,900,136,130,9,34.82581397111062,4.521399998338893,897.5917999923695,52.73529411764706
1763663809,2,,Aggregated,0.000000,0.000000,9,11,12,15,29,110,390,870,900,900,900,136,130,9,34.82581397111062,4.521399998338893,897.5917999923695,52.73529411764706
1763663810,2,,Aggregated,0.000000,0.000000,9,11,12,15,29,110,390,870,900,900,900,136,130,9,34.82581397111062,4.521399998338893,897.5917999923695,52.73529411764706
1763663811,2,,Aggregated,0.000000,0.000000,9,11,12,15,29,110,390,870,900,900,900,136,130,9,34.82581397111062,4.521399998338893,897.5917999923695,52.73529411764706
1763663812,2,,Aggregated,0.000000,0.000000,9,11,12,15,29,110,390,870,900,900,900,136,130,9,34.82581397111062,4.521399998338893,897.5917999923695,52.73529411764706
1763663813,2,,Aggregated,0.000000,0.000000,9,11,12,15,29,110,390,870,900,900,900,136,130,9,34.82581397111062,4.521399998338893,897.5917999923695,52.73529411764706
1763663814,2,,Aggregated,0.000000,0.000000,9,11,12,15,29,110,390,870,900,900,900,136,130,9,34.82581397111062,4.521399998338893,897.5917999923695,52.73529411764706
1763663815,2,,Aggregated,0.000000,0.000000,9,11,12,15,29,110,390,870,900,900,900,136,130,9,34.82581397111062,4.521399998338893,897.5917999923695,52.73529411764706
1763663816,2,,Aggregated,0.000000,0.000000,9,11,12,15,29,110,390,870,900,900,900,136,130,9,34.82581397111062,4.521399998338893,897.5917999923695,52.73529411764706
1763663817,2,,Aggregated,0.000000,0.000000,9,11,12,15,29,110,390,870,900,900,900,136,130,9,34.82581397111062,4.521399998338893,897.5917999923695,52.73529411764706
1763663818,2,,Aggregated,0.000000,0.000000,9,11,12,15,29,110,390,870,900,900,900,136,130,9,34.82581397111062,4.521399998338893,897.5917999923695,52.73529411764706
1763663819,2,,Aggregated,0.000000,0.000000,9,11,12,15,29,110,390,870,900,900,900,136,130,9,34.82581397111062,4.521399998338893,897.5917999923695,52.73529411764706
1763663820,2,,Aggregated,0.000000,0.000000,9,11,12,15,29,110,390,870,900,900,900,136,130,9,34.82581397111062,4.521399998338893,897.5917999923695,52.73529411764706
1763663821,2,,Aggregated,0.000000,0.000000,9,11,12,15,29,110,390,870,900,900,900,136,130,9,34.82581397111062,4.521399998338893,897.5917999923695,52.73529411764706
1763663822,2,,Aggregated,0.000000,0.000000,9,11,12,15,29,110,390,870,900,900,900,136,130,9,34.82581397111062,4.521399998338893,897.5917999923695,52.73529411764706
1763663823,2,,Aggregated,0.000000,0.000000,9,11,12,15,29,110,390,870,900,900,900,136,130,9,34.82581397111062,4.521399998338893,897.5917999923695,52.73529411764706
1763663824,2,,Aggregated,0.000000,0.000000,9,11,12,15,29,110,390,870,900,900,900,136,130,9,34.82581397111062,4.521399998338893,897.5917999923695,52.73529411764706
1763663825,2,,Aggregated,0.000000,0.000000,9,11,12,15,29,110,390,870,900,900,900,136,130,9,34.82581397111062,4.521399998338893,897.5917999923695,52.73529411764706
1763663826,2,,Aggregated,0.000000,0.000000,9,11,12,15,29,110,390,870,900,900,900,136,130,9,34.82581397111062,4.521399998338893,897.5917999923695,52.73529411764706
1763663827,2,,Aggregated,0.000000,0.000000,9,11,12,15,29,110,390,870,900,900,900,136,130,9,34.82581397111062,4.521399998338893,897.5917999923695,52.73529411764706
1763663828,2,,Aggregated,0.000000,0.000000,9,11,12,15,29,110,390,870,900,900,900,136,130,9,34.82581397111062,4.521399998338893,897.5917999923695,52.73529411764706
1763663829,2,,Aggregated,0.000000,0.000000,9,11,12,15,29,110,390,870,900,900,900,136,130,9,34.82581397111062,4.521399998338893,897.5917999923695,52.73529411764706
1763663830,2,,Aggregated,0.000000,0.000000,9,11,12,15,29,110,390,870,900,900,900,136,130,9,34.82581397111062,4.521399998338893,897.5917999923695,52.73529411764706
1763663831,2,,Aggregated,0.000000,0.000000,9,11,12,15,29,110,390,870,900,900,900,136,130,9,34.82581397111062,4.521399998338893,897.5917999923695,52.73529411764706
1763663832,2,,Aggregated,0.000000,0.000000,9,11,12,15,29,110,390,870,900,900,900,136,130,9,34.82581397111062,4.521399998338893,897.5917999923695,52.73529411764706
1763663833,2,,Aggregated,0.000000,0.000000,9,11,12,15,29,110,390,870,900,900,900,136,130,9,34.82581397111062,4.521399998338893,897.5917999923695,52.73529411764706
1763663834,2,,Aggregated,0.000000,0.000000,9,11,12,15,29,110,390,870,900,900,900,136,130,9,34.82581397111062,4.521399998338893,897.5917999923695,52.73529411764706
1763663835,2,,Aggregated,0.000000,0.000000,9,11,12,15,29,110,390,870,900,900,900,136,130,9,34.82581397111062,4.521399998338893,897.5917999923695,52.73529411764706
1763663836,2,,Aggregated,0.000000,0.000000,9,11,12,15,29,110,390,870,900,900,900,136,130,9,34.82581397111062,4.521399998338893,897.5917999923695,52.73529411764706
1763663837,2,,Aggregated,0.000000,0.000000,9,11,12,15,29,110,390,870,900,900,900,136,130,9,34.82581397111062,4.521399998338893,897.5917999923695,52.73529411764706
1763663838,2,,Aggregated,0.000000,0.000000,9,11,12,15,29,110,390,870,900,900,900,136,130,9,34.82581397111062,4.521399998338893,897.5917999923695,52.73529411764706
1763663839,2,,Aggregated,0.000000,0.000000,9,11,12,15,29,110,390,870,900,900,900,136,130,9,34.82581397111062,4.521399998338893,897.5917999923695,52.73529411764706
1763663840,2,,Aggregated,0.000000,0.000000,9,11,12,15,29,110,390,870,900,900,900,136,130,9,34.82581397111062,4.521399998338893,897.5917999923695,52.73529411764706
1763663841,2,,Aggregated,0.000000,0.000000,9,11,12,15,29,110,390,870,900,900,900,138,132,9,34.40204782679717,4.521399998338893,897.5917999923695,52.72463768115942
1763663842,2,,Aggregated,0.000000,0.000000,9,11,12,15,29,110,390,870,900,900,900,138,132,9,34.40204782679717,4.521399998338893,897.5917999923695,52.72463768115942
1763663843,2,,Aggregated,0.000000,0.000000,9,11,12,15,29,110,390,870,900,900,900,138,132,9,34.40204782679717,4.521399998338893,897.5917999923695,52.72463768115942
1763663844,2,,Aggregated,0.000000,0.000000,9,11,12,15,29,110,390,870,900,900,900,138,132,9,34.40204782679717,4.521399998338893,897.5917999923695,52.72463768115942
1763663845,2,,Aggregated,0.000000,0.000000,9,11,12,15,29,110,390,870,900,900,900,138,132,9,34.40204782679717,4.521399998338893,897.5917999923695,52.72463768115942
1763663846,2,,Aggregated,0.200000,0.200000,9,11,12,15,29,110,390,870,900,900,900,140,134,9,33.979744286625646,4.521399998338893,897.5917999923695,52.714285714285715
1763663847,2,,Aggregated,0.200000,0.200000,9,11,12,15,29,110,390,870,900,900,900,140,134,9,33.979744286625646,4.521399998338893,897.5917999923695,52.714285714285715
1763663848,2,,Aggregated,0.200000,0.200000,9,11,12,15,29,110,390,870,900,900,900,140,134,9,33.979744286625646,4.521399998338893,897.5917999923695,52.714285714285715
1763663849,2,,Aggregated,0.200000,0.200000,9,11,12,15,29,110,390,870,900,900,900,140,134,9,33.979744286625646,4.521399998338893,897.5917999923695,52.714285714285715
1763663850,2,,Aggregated,0.200000,0.200000,9,11,12,15,29,110,390,870,900,900,900,140,134,9,33.979744286625646,4.521399998338893,897.5917999923695,52.714285714285715
1763663851,2,,Aggregated,0.200000,0.200000,9,11,12,15,29,110,390,870,900,900,900,140,134,9,33.979744286625646,4.521399998338893,897.5917999923695,52.714285714285715
1763663852,2,,Aggregated,0.200000,0.200000,9,11,12,15,29,110,390,870,900,900,900,140,134,9,33.979744286625646,4.521399998338893,897.5917999923695,52.714285714285715
1763663853,2,,Aggregated,0.200000,0.200000,9,11,12,15,29,110,390,870,900,900,900,140,134,9,33.979744286625646,4.521399998338893,897.5917999923695,52.714285714285715
1763663854,2,,Aggregated,0.200000,0.200000,9,11,12,15,29,110,390,870,900,900,900,140,134,9,33.979744286625646,4.521399998338893,897.5917999923695,52.714285714285715
1763663855,2,,Aggregated,0.200000,0.200000,9,11,12,15,29,110,390,870,900,900,900,140,134,9,33.979744286625646,4.521399998338893,897.5917999923695,52.714285714285715
1763663856,2,,Aggregated,0.200000,0.200000,9,11,12,15,29,110,390,870,900,900,900,140,134,9,33.979744286625646,4.521399998338893,897.5917999923695,52.714285714285715
1763663857,2,,Aggregated,0.200000,0.200000,9,11,12,15,29,110,390,870,900,900,900,140,134,9,33.979744286625646,4.521399998338893,897.5917999923695,52.714285714285715
1763663858,2,,Aggregated,0.200000,0.200000,9,11,12,15,29,110,390,870,900,900,900,140,134,9,33.979744286625646,4.521399998338893,897.5917999923695,52.714285714285715
1763663859,2,,Aggregated,0.200000,0.200000,9,11,12,15,29,110,390,870,900,900,900,140,134,9,33.979744286625646,4.521399998338893,897.5917999923695,52.714285714285715
1763663860,2,,Aggregated,0.200000,0.200000,9,11,12,15,29,110,390,870,900,900,900,140,134,9,33.979744286625646,4.521399998338893,897.5917999923695,52.714285714285715
1763663861,2,,Aggregated,0.200000,0.200000,9,11,12,15,29,110,390,870,900,900,900,140,134,9,33.979744286625646,4.521399998338893,897.5917999923695,52.714285714285715
1763663862,2,,Aggregated,0.200000,0.200000,9,11,12,15,29,110,390,870,900,900,900,140,134,9,33.979744286625646,4.521399998338893,897.5917999923695,52.714285714285715
1763663863,2,,Aggregated,0.200000,0.200000,9,11,12,15,29,110,390,870,900,900,900,140,134,9,33.979744286625646,4.521399998338893,897.5917999923695,52.714285714285715
1763663864,2,,Aggregated,0.200000,0.200000,9,11,12,15,29,110,390,870,900,900,900,140,134,9,33.979744286625646,4.521399998338893,897.5917999923695,52.714285714285715
1763663865,2,,Aggregated,0.200000,0.200000,9,11,12,15,29,110,390,870,900,900,900,140,134,9,33.979744286625646,4.521399998338893,897.5917999923695,52.714285714285715
1763663866,2,,Aggregated,0.200000,0.200000,9,11,12,15,29,110,390,870,900,900,900,140,134,9,33.979744286625646,4.521399998338893,897.5917999923695,52.714285714285715
1763663867,2,,Aggregated,0.200000,0.200000,9,11,12,15,29,110,390,870,900,900,900,140,134,9,33.979744286625646,4.521399998338893,897.5917999923695,52.714285714285715
1763663868,2,,Aggregated,0.200000,0.200000,9,11,12,15,29,110,390,870,900,900,900,140,134,9,33.979744286625646,4.521399998338893,897.5917999923695,52.714285714285715
1763663869,2,,Aggregated,0.200000,0.200000,9,11,12,15,29,110,390,870,900,900,900,140,134,9,33.979744286625646,4.521399998338893,897.5917999923695,52.714285714285715
1763663870,2,,Aggregated,0.200000,0.200000,9,11,12,15,29,110,390,870,900,900,900,140,134,9,33.979744286625646,4.521399998338893,897.5917999923695,52.714285714285715
1763663871,2,,Aggregated,0.200000,0.200000,9,11,12,15,29,110,390,870,900,900,900,140,134,9,33.979744286625646,4.521399998338893,897.5917999923695,52.714285714285715
1763663872,2,,Aggregated,0.200000,0.200000,9,11,12,15,29,110,390,870,900,900,900,140,134,9,33.979744286625646,4.521399998338893,897.5917999923695,52.714285714285715
1763663873,2,,Aggregated,0.200000,0.200000,9,11,12,15,29,110,390,870,900,900,900,140,134,9,33.979744286625646,4.521399998338893,897.5917999923695,52.714285714285715
1763663874,2,,Aggregated,0.200000,0.200000,9,11,12,15,29,110,390,870,900,900,900,140,134,9,33.979744286625646,4.521399998338893,897.5917999923695,52.714285714285715
1763663875,2,,Aggregated,0.200000,0.200000,9,11,12,15,29,110,390,870,900,900,900,140,134,9,33.979744286625646,4.521399998338893,897.5917999923695,52.714285714285715
1763663876,2,,Aggregated,0.200000,0.200000,9,11,12,15,29,110,390,870,900,900,900,140,134,9,33.979744286625646,4.521399998338893,897.5917999923695,52.714285714285715
1763663877,2,,Aggregated,0.200000,0.200000,9,11,12,15,29,110,390,870,900,900,900,140,134,9,33.979744286625646,4.521399998338893,897.5917999923695,52.714285714285715
1763663878,2,,Aggregated,0.200000,0.200000,9,11,12,15,29,110,390,870,900,900,900,140,134,9,33.979744286625646,4.521399998338893,897.5917999923695,52.714285714285715
1763663879,2,,Aggregated,0.200000,0.200000,9,11,12,15,29,110,390,870,900,900,900,140,134,9,33.979744286625646,4.521399998338893,897.5917999923695,52.714285714285715
1763663880,2,,Aggregated,0.200000,0.200000,9,11,12,15,29,110,390,870,900,900,900,140,134,9,33.979744286625646,4.521399998338893,897.5917999923695,52.714285714285715
1763663881,2,,Aggregated,0.200000,0.200000,9,11,12,15,29,110,390,870,900,900,900,140,134,9,33.979744286625646,4.521399998338893,897.5917999923695,52.714285714285715
1763663882,2,,Aggregated,0.200000,0.200000,9,11,12,15,29,110,390,870,900,900,900,140,134,9,33.979744286625646,4.521399998338893,897.5917999923695,52.714285714285715
1763663883,2,,Aggregated,0.000000,0.000000,9,11,12,15,28,92,390,870,900,900,900,142,136,9,33.55946056450501,3.9624000201001763,897.5917999923695,52.70422535211268
1763663884,2,,Aggregated,0.000000,0.000000,9,11,12,15,28,92,390,870,900,900,900,142,136,9,33.55946056450501,3.9624000201001763,897.5917999923695,52.70422535211268
1763663886,2,,Aggregated,0.000000,0.000000,9,11,12,15,28,92,390,870,900,900,900,142,136,9,33.55946056450501,3.9624000201001763,897.5917999923695,52.70422535211268
1763663887,2,,Aggregated,0.000000,0.000000,9,11,12,15,28,92,390,870,900,900,900,142,136,9,33.55946056450501,3.9624000201001763,897.5917999923695,52.70422535211268
1763663888,2,,Aggregated,0.000000,0.000000,9,11,12,15,28,92,390,870,900,900,900,142,136,9,33.55946056450501,3.9624000201001763,897.5917999923695,52.70422535211268
1763663889,2,,Aggregated,0.000000,0.000000,9,11,12,15,28,92,390,870,900,900,900,142,136,9,33.55946056450501,3.9624000201001763,897.5917999923695,52.70422535211268
1763663890,2,,Aggregated,0.000000,0.000000,9,11,12,15,28,92,390,870,900,900,900,142,136,9,33.55946056450501,3.9624000201001763,897.5917999923695,52.70422535211268
1763663891,2,,Aggregated,0.000000,0.000000,9,11,12,15,28,92,390,870,900,900,900,142,136,9,33.55946056450501,3.9624000201001763,897.5917999923695,52.70422535211268
1763663892,2,,Aggregated,0.000000,0.000000,9,11,12,15,28,92,390,870,900,900,900,142,136,9,33.55946056450501,3.9624000201001763,897.5917999923695,52.70422535211268
1763663893,2,,Aggregated,0.000000,0.000000,9,11,12,15,28,92,390,870,900,900,900,142,136,9,33.55946056450501,3.9624000201001763,897.5917999923695,52.70422535211268
1763663894,2,,Aggregated,0.200000,0.200000,9,11,12,15,28,92,390,870,900,900,900,144,138,9,33.25684583453241,3.9624000201001763,897.5917999923695,52.69444444444444
1763663895,2,,Aggregated,0.200000,0.200000,9,11,12,15,28,92,390,870,900,900,900,144,138,9,33.25684583453241,3.9624000201001763,897.5917999923695,52.69444444444444
1763663896,2,,Aggregated,0.200000,0.200000,9,11,12,15,28,92,390,870,900,900,900,144,138,9,33.25684583453241,3.9624000201001763,897.5917999923695,52.69444444444444
1763663897,2,,Aggregated,0.200000,0.200000,9,11,12,15,28,92,390,870,900,900,900,144,138,9,33.25684583453241,3.9624000201001763,897.5917999923695,52.69444444444444
1763663898,2,,Aggregated,0.200000,0.200000,9,11,12,15,28,92,390,870,900,900,900,144,138,9,33.25684583453241,3.9624000201001763,897.5917999923695,52.69444444444444
1763663899,2,,Aggregated,0.200000,0.200000,9,11,12,15,28,92,390,870,900,900,900,144,138,9,33.25684583453241,3.9624000201001763,897.5917999923695,52.69444444444444
1763663900,2,,Aggregated,0.200000,0.200000,9,11,12,15,28,92,390,870,900,900,900,144,138,9,33.25684583453241,3.9624000201001763,897.5917999923695,52.69444444444444
1763663901,2,,Aggregated,0.200000,0.200000,9,11,12,15,28,92,390,870,900,900,900,144,138,9,33.25684583453241,3.9624000201001763,897.5917999923695,52.69444444444444
1763663902,2,,Aggregated,0.200000,0.200000,9,11,12,15,28,92,390,870,900,900,900,144,138,9,33.25684583453241,3.9624000201001763,897.5917999923695,52.69444444444444
1763663903,2,,Aggregated,0.200000,0.200000,9,11,12,15,28,92,390,870,900,900,900,144,138,9,33.25684583453241,3.9624000201001763,897.5917999923695,52.69444444444444
1763663904,2,,Aggregated,0.200000,0.200000,9,11,12,15,28,92,390,870,900,900,900,144,138,9,33.25684583453241,3.9624000201001763,897.5917999923695,52.69444444444444
1763663905,2,,Aggregated,0.200000,0.200000,9,11,12,15,28,92,390,870,900,900,900,144,138,9,33.25684583453241,3.9624000201001763,897.5917999923695,52.69444444444444
1763663906,2,,Aggregated,0.200000,0.200000,9,11,12,15,28,92,390,870,900,900,900,144,138,9,33.25684583453241,3.9624000201001763,897.5917999923695,52.69444444444444
1763663907,2,,Aggregated,0.200000,0.200000,9,11,12,15,28,92,390,870,900,900,900,144,138,9,33.25684583453241,3.9624000201001763,897.5917999923695,52.69444444444444
1763663908,2,,Aggregated,0.200000,0.200000,9,11,12,15,28,92,390,870,900,900,900,144,138,9,33.25684583453241,3.9624000201001763,897.5917999923695,52.69444444444444
1763663909,2,,Aggregated,0.200000,0.200000,9,11,12,15,28,92,390,870,900,900,900,144,138,9,33.25684583453241,3.9624000201001763,897.5917999923695,52.69444444444444
1763663910,2,,Aggregated,0.200000,0.200000,9,11,12,15,28,92,390,870,900,900,900,144,138,9,33.25684583453241,3.9624000201001763,897.5917999923695,52.69444444444444
1763663911,2,,Aggregated,0.200000,0.200000,9,11,12,15,28,92,390,870,900,900,900,144,138,9,33.25684583453241,3.9624000201001763,897.5917999923695,52.69444444444444
1763663912,2,,Aggregated,0.200000,0.200000,9,11,12,15,28,92,390,870,900,900,900,144,138,9,33.25684583453241,3.9624000201001763,897.5917999923695,52.69444444444444
1763663913,2,,Aggregated,0.200000,0.200000,9,11,12,15,28,92,390,870,900,900,900,144,138,9,33.25684583453241,3.9624000201001763,897.5917999923695,52.69444444444444
1763663914,2,,Aggregated,0.200000,0.200000,9,11,12,15,28,92,390,870,900,900,900,144,138,9,33.25684583453241,3.9624000201001763,897.5917999923695,52.69444444444444
1763663915,2,,Aggregated,0.200000,0.200000,9,11,12,15,28,92,390,870,900,900,900,144,138,9,33.25684583453241,3.9624000201001763,897.5917999923695,52.69444444444444
1763663916,2,,Aggregated,0.200000,0.200000,9,11,12,15,28,92,390,870,900,900,900,144,138,9,33.25684583453241,3.9624000201001763,897.5917999923695,52.69444444444444
1763663917,2,,Aggregated,0.200000,0.200000,9,11,12,15,28,92,390,870,900,900,900,144,138,9,33.25684583453241,3.9624000201001763,897.5917999923695,52.69444444444444
1763663918,2,,Aggregated,0.200000,0.200000,9,11,12,15,28,92,390,870,900,900,900,144,138,9,33.25684583453241,3.9624000201001763,897.5917999923695,52.69444444444444
1763663919,2,,Aggregated,0.200000,0.200000,9,11,12,15,28,92,390,870,900,900,900,144,138,9,33.25684583453241,3.9624000201001763,897.5917999923695,52.69444444444444
1763663920,2,,Aggregated,0.200000,0.200000,9,11,12,15,28,92,390,870,900,900,900,144,138,9,33.25684583453241,3.9624000201001763,897.5917999923695,52.69444444444444
1763663921,2,,Aggregated,0.200000,0.200000,9,11,12,15,28,92,390,870,900,900,900,144,138,9,33.25684583453241,3.9624000201001763,897.5917999923695,52.69444444444444
1763663922,2,,Aggregated,0.200000,0.200000,9,11,12,15,28,92,390,870,900,900,900,144,138,9,33.25684583453241,3.9624000201001763,897.5917999923695,52.69444444444444
1763663923,2,,Aggregated,0.200000,0.200000,9,11,12,15,28,92,390,870,900,900,900,144,138,9,33.25684583453241,3.9624000201001763,897.5917999923695,52.69444444444444
1763663924,2,,Aggregated,0.200000,0.200000,9,11,12,15,28,92,390,870,900,900,900,144,138,9,33.25684583453241,3.9624000201001763,897.5917999923695,52.69444444444444
1763663925,2,,Aggregated,0.200000,0.200000,9,11,12,15,28,92,390,870,900,900,900,144,138,9,33.25684583453241,3.9624000201001763,897.5917999923695,52.69444444444444
1763663926,2,,Aggregated,0.200000,0.200000,9,11,12,15,28,92,390,870,900,900,900,144,138,9,33.25684583453241,3.9624000201001763,897.5917999923695,52.69444444444444
1763663927,2,,Aggregated,0.200000,0.200000,9,11,12,15,28,92,390,870,900,900,900,144,138,9,33.25684583453241,3.9624000201001763,897.5917999923695,52.69444444444444
1763663928,2,,Aggregated,0.000000,0.000000,9,11,12,15,28,92,390,870,900,900,900,146,140,9,32.86597534355529,3.9624000201001763,897.5917999923695,52.68493150684932
1763663929,2,,Aggregated,0.000000,0.000000,9,11,12,15,28,92,390,870,900,900,900,146,140,9,32.86597534355529,3.9624000201001763,897.5917999923695,52.68493150684932
1763663930,2,,Aggregated,0.000000,0.000000,9,11,12,15,28,92,390,870,900,900,900,146,140,9,32.86597534355529,3.9624000201001763,897.5917999923695,52.68493150684932
1763663931,2,,Aggregated,0.000000,0.000000,9,11,12,15,28,92,390,870,900,900,900,146,140,9,32.86597534355529,3.9624000201001763,897.5917999923695,52.68493150684932
1763663932,2,,Aggregated,0.000000,0.000000,9,11,12,15,28,92,390,870,900,900,900,146,140,9,32.86597534355529,3.9624000201001763,897.5917999923695,52.68493150684932
1763663933,2,,Aggregated,0.000000,0.000000,9,11,12,15,28,92,390,870,900,900,900,146,140,9,32.86597534355529,3.9624000201001763,897.5917999923695,52.68493150684932
1763663934,2,,Aggregated,0.000000,0.000000,9,11,12,15,28,92,390,870,900,900,900,146,140,9,32.86597534355529,3.9624000201001763,897.5917999923695,52.68493150684932
1763663935,2,,Aggregated,0.000000,0.000000,9,11,12,15,28,92,390,870,900,900,900,146,140,9,32.86597534355529,3.9624000201001763,897.5917999923695,52.68493150684932
1763663936,2,,Aggregated,0.000000,0.000000,9,11,12,15,28,92,390,870,900,900,900,146,140,9,32.86597534355529,3.9624000201001763,897.5917999923695,52.68493150684932
1763663937,2,,Aggregated,0.200000,0.200000,9,10,12,15,28,92,390,870,900,900,900,148,142,9,32.476634460476205,3.9624000201001763,897.5917999923695,52.67567567567568
1763663938,2,,Aggregated,0.200000,0.200000,9,10,12,15,28,92,390,870,900,900,900,148,142,9,32.476634460476205,3.9624000201001763,897.5917999923695,52.67567567567568
1763663939,2,,Aggregated,0.200000,0.200000,9,10,12,15,28,92,390,870,900,900,900,148,142,9,32.476634460476205,3.9624000201001763,897.5917999923695,52.67567567567568
1763663940,2,,Aggregated,0.200000,0.200000,9,10,12,15,28,92,390,870,900,900,900,148,142,9,32.476634460476205,3.9624000201001763,897.5917999923695,52.67567567567568
1763663941,2,,Aggregated,0.200000,0.200000,9,10,12,15,28,92,390,870,900,900,900,148,142,9,32.476634460476205,3.9624000201001763,897.5917999923695,52.67567567567568
1763663942,2,,Aggregated,0.200000,0.200000,9,10,12,15,28,92,390,870,900,900,900,148,142,9,32.476634460476205,3.9624000201001763,897.5917999923695,52.67567567567568
1763663943,2,,Aggregated,0.200000,0.200000,9,10,12,15,28,92,390,870,900,900,900,148,142,9,32.476634460476205,3.9624000201001763,897.5917999923695,52.67567567567568
1763663944,2,,Aggregated,0.200000,0.200000,9,10,12,15,28,92,390,870,900,900,900,148,142,9,32.476634460476205,3.9624000201001763,897.5917999923695,52.67567567567568
1763663945,2,,Aggregated,0.200000,0.200000,9,10,12,15,28,92,390,870,900,900,900,148,142,9,32.476634460476205,3.9624000201001763,897.5917999923695,52.67567567567568
1763663946,2,,Aggregated,0.200000,0.200000,9,10,12,15,28,92,390,870,900,900,900,148,142,9,32.476634460476205,3.9624000201001763,897.5917999923695,52.67567567567568
1763663947,2,,Aggregated,0.200000,0.200000,9,10,12,15,28,92,390,870,900,900,900,148,142,9,32.476634460476205,3.9624000201001763,897.5917999923695,52.67567567567568
1763663948,2,,Aggregated,0.200000,0.200000,9,10,12,15,28,92,390,870,900,900,900,148,142,9,32.476634460476205,3.9624000201001763,897.5917999923695,52.67567567567568
1763663949,2,,Aggregated,0.200000,0.200000,9,10,12,15,28,92,390,870,900,900,900,148,142,9,32.476634460476205,3.9624000201001763,897.5917999923695,52.67567567567568
1763663950,2,,Aggregated,0.200000,0.200000,9,10,12,15,28,92,390,870,900,900,900,148,142,9,32.476634460476205,3.9624000201001763,897.5917999923695,52.67567567567568
1763663951,2,,Aggregated,0.200000,0.200000,9,10,12,15,28,92,390,870,900,900,900,148,142,9,32.476634460476205,3.9624000201001763,897.5917999923695,52.67567567567568
1763663952,2,,Aggregated,0.200000,0.200000,9,10,12,15,28,92,390,870,900,900,900,148,142,9,32.476634460476205,3.9624000201001763,897.5917999923695,52.67567567567568
1763663953,2,,Aggregated,0.200000,0.200000,9,10,12,15,28,92,390,870,900,900,900,148,142,9,32.476634460476205,3.9624000201001763,897.5917999923695,52.67567567567568
1763663954,2,,Aggregated,0.200000,0.200000,9,10,12,15,28,92,390,870,900,900,900,148,142,9,32.476634460476205,3.9624000201001763,897.5917999923695,52.67567567567568
1763663955,2,,Aggregated,0.200000,0.200000,9,10,12,15,28,92,390,870,900,900,900,148,142,9,32.476634460476205,3.9624000201001763,897.5917999923695,52.67567567567568
1763663956,2,,Aggregated,0.200000,0.200000,9,10,12,15,28,92,390,870,900,900,900,148,142,9,32.476634460476205,3.9624000201001763,897.5917999923695,52.67567567567568
1763663957,2,,Aggregated,0.200000,0.200000,9,10,12,15,28,92,390,870,900,900,900,148,142,9,32.476634460476205,3.9624000201001763,897.5917999923695,52.67567567567568
1763663958,2,,Aggregated,0.200000,0.200000,9,10,12,15,28,92,390,870,900,900,900,148,142,9,32.476634460476205,3.9624000201001763,897.5917999923695,52.67567567567568
1763663959,2,,Aggregated,0.200000,0.200000,9,10,12,15,28,92,390,870,900,900,900,148,142,9,32.476634460476205,3.9624000201001763,897.5917999923695,52.67567567567568
1763663960,2,,Aggregated,0.200000,0.200000,9,10,12,15,28,92,390,870,900,900,900,148,142,9,32.476634460476205,3.9624000201001763,897.5917999923695,52.67567567567568
1763663961,2,,Aggregated,0.200000,0.200000,9,10,12,15,28,92,390,870,900,900,900,148,142,9,32.476634460476205,3.9624000201001763,897.5917999923695,52.67567567567568
1763663962,2,,Aggregated,0.200000,0.200000,9,10,12,15,28,92,390,870,900,900,900,148,142,9,32.476634460476205,3.9624000201001763,897.5917999923695,52.67567567567568
1763663963,2,,Aggregated,0.200000,0.200000,9,10,12,15,28,92,390,870,900,900,900,148,142,9,32.476634460476205,3.9624000201001763,897.5917999923695,52.67567567567568
1763663964,2,,Aggregated,0.200000,0.200000,9,10,12,15,28,92,390,870,900,900,900,148,142,9,32.476634460476205,3.9624000201001763,897.5917999923695,52.67567567567568
1763663965,2,,Aggregated,0.200000,0.200000,9,10,12,15,28,92,390,870,900,900,900,148,142,9,32.476634460476205,3.9624000201001763,897.5917999923695,52.67567567567568
1763663966,2,,Aggregated,0.200000,0.200000,9,10,12,15,28,92,390,870,900,900,900,148,142,9,32.476634460476205,3.9624000201001763,897.5917999923695,52.67567567567568
1763663967,2,,Aggregated,0.200000,0.200000,9,10,12,15,28,92,390,870,900,900,900,148,142,9,32.476634460476205,3.9624000201001763,897.5917999923695,52.67567567567568
1763663968,2,,Aggregated,0.200000,0.200000,9,10,12,15,28,92,390,870,900,900,900,148,142,9,32.476634460476205,3.9624000201001763,897.5917999923695,52.67567567567568
1763663969,2,,Aggregated,0.200000,0.200000,9,10,12,15,28,92,390,870,900,900,900,148,142,9,32.476634460476205,3.9624000201001763,897.5917999923695,52.67567567567568
1763663970,2,,Aggregated,0.200000,0.200000,9,10,12,15,28,92,390,870,900,900,900,148,142,9,32.476634460476205,3.9624000201001763,897.5917999923695,52.67567567567568
1763663971,2,,Aggregated,0.200000,0.200000,9,10,12,15,28,92,390,870,900,900,900,148,142,9,32.476634460476205,3.9624000201001763,897.5917999923695,52.67567567567568
1763663973,2,,Aggregated,0.000000,0.000000,9,10,12,15,28,92,390,870,900,900,900,150,144,9,32.09926133451518,3.8351000112015754,897.5917999923695,52.666666666666664
1763663974,2,,Aggregated,0.000000,0.000000,9,10,12,15,28,92,390,870,900,900,900,150,144,9,32.09926133451518,3.8351000112015754,897.5917999923695,52.666666666666664
1763663975,2,,Aggregated,0.000000,0.000000,9,10,12,15,28,92,390,870,900,900,900,150,144,9,32.09926133451518,3.8351000112015754,897.5917999923695,52.666666666666664
1763663976,2,,Aggregated,0.000000,0.000000,9,10,12,15,28,92,390,870,900,900,900,150,144,9,32.09926133451518,3.8351000112015754,897.5917999923695,52.666666666666664
1763663977,2,,Aggregated,0.000000,0.000000,9,10,12,15,28,92,390,870,900,900,900,150,144,9,32.09926133451518,3.8351000112015754,897.5917999923695,52.666666666666664
1763663978,2,,Aggregated,0.000000,0.000000,9,10,12,15,28,92,390,870,900,900,900,150,144,9,32.09926133451518,3.8351000112015754,897.5917999923695,52.666666666666664
1763663979,2,,Aggregated,0.000000,0.000000,9,10,12,15,28,92,390,870,900,900,900,150,144,9,32.09926133451518,3.8351000112015754,897.5917999923695,52.666666666666664
1763663980,2,,Aggregated,0.000000,0.000000,9,10,12,15,28,92,390,870,900,900,900,150,144,9,32.09926133451518,3.8351000112015754,897.5917999923695,52.666666666666664
1763663981,2,,Aggregated,0.000000,0.000000,9,10,12,15,28,92,390,870,900,900,900,150,144,9,32.09926133451518,3.8351000112015754,897.5917999923695,52.666666666666664
1763663982,2,,Aggregated,0.000000,0.000000,9,10,12,15,28,92,390,870,900,900,900,150,144,9,32.09926133451518,3.8351000112015754,897.5917999923695,52.666666666666664
1763663983,2,,Aggregated,0.200000,0.200000,9,10,12,15,26,92,360,870,900,900,900,152,146,9,31.733032238231605,3.8351000112015754,897.5917999923695,52.6578947368421
1763663984,2,,Aggregated,0.200000,0.200000,9,10,12,15,26,92,360,870,900,900,900,152,146,9,31.733032238231605,3.8351000112015754,897.5917999923695,52.6578947368421
1763663985,2,,Aggregated,0.200000,0.200000,9,10,12,15,26,92,360,870,900,900,900,152,146,9,31.733032238231605,3.8351000112015754,897.5917999923695,52.6578947368421
1763663986,2,,Aggregated,0.200000,0.200000,9,10,12,15,26,92,360,870,900,900,900,152,146,9,31.733032238231605,3.8351000112015754,897.5917999923695,52.6578947368421
1763663987,2,,Aggregated,0.200000,0.200000,9,10,12,15,26,92,360,870,900,900,900,152,146,9,31.733032238231605,3.8351000112015754,897.5917999923695,52.6578947368421
1763663988,2,,Aggregated,0.200000,0.200000,9,10,12,15,26,92,360,870,900,900,900,152,146,9,31.733032238231605,3.8351000112015754,897.5917999923695,52.6578947368421
1763663989,2,,Aggregated,0.200000,0.200000,9,10,12,15,26,92,360,870,900,900,900,152,146,9,31.733032238231605,3.8351000112015754,897.5917999923695,52.6578947368421
1763663990,2,,Aggregated,0.200000,0.200000,9,10,12,15,26,92,360,870,900,900,900,152,146,9,31.733032238231605,3.8351000112015754,897.5917999923695,52.6578947368421
1763663991,2,,Aggregated,0.200000,0.200000,9,10,12,15,26,92,360,870,900,900,900,152,146,9,31.733032238231605,3.8351000112015754,897.5917999923695,52.6578947368421
1763663992,2,,Aggregated,0.200000,0.200000,9,10,12,15,26,92,360,870,900,900,900,152,146,9,31.733032238231605,3.8351000112015754,897.5917999923695,52.6578947368421
1763663993,2,,Aggregated,0.200000,0.200000,9,10,12,15,26,92,360,870,900,900,900,152,146,9,31.733032238231605,3.8351000112015754,897.5917999923695,52.6578947368421
